crop_type,temperature,humidity,sunlight_hours,wind_speed,x_coord,y_coord,spacing,shade_percent,yield_score
mint,18.56,68.79,4.08,0.56,12,85,1.98,97.7,3
lettuce,21.93,67.19,5.85,5.94,99,68,0.97,91.16,3
lettuce,17.04,66.67,6.37,4.33,69,29,0.8,48.17,3
parsley,22.39,64.19,7.58,7.27,62,94,1.08,5.5,3
rosemary,23.83,43.05,10.68,0.74,7,58,3.27,70.27,3
parsley,24.26,60.38,7.27,1.39,100,69,1.9,78.47,3
mint,28.87,67.98,4.49,8.89,52,53,3.45,68.01,3
mint,28.03,74.65,5.2,8.79,37,77,2.31,40.15,3
mint,18.86,68.09,5.39,4.86,96,16,3.85,25.24,3
lettuce,26.95,70.35,6.3,0.46,95,31,4.25,47.15,3
parsley,26.82,59.86,4.87,2.76,91,0,3.79,34.22,3
parsley,20.93,49.2,6.88,9.25,38,43,4.06,78.7,0
mint,19.51,88.99,6.64,2.12,86,81,0.97,31.6,3
rosemary,27.06,46.73,10.05,7.27,60,13,2.5,11.32,3
basil,24.92,54.45,7.28,7.37,18,86,0.78,77.76,3
lettuce,19.95,86.63,5.92,1.56,22,33,1.78,17.04,3
parsley,25.31,74.33,7.17,1.15,67,55,1.5,2.23,3
rosemary,20.4,52.14,9.69,3.83,36,18,2.96,95.2,3
rosemary,27.9,56.49,10.03,1.05,71,72,1.19,25.72,3
basil,31.32,54.14,8.27,7.33,61,80,1.74,95.73,3
rosemary,26.95,63.6,11.22,2.28,65,11,3.04,3.69,3
basil,23.92,62.74,6.08,2.26,98,56,2.23,72.23,3
lettuce,26.2,65.58,4.43,7.55,57,35,2.07,48.12,3
lettuce,27.21,65.21,5.02,2.3,8,41,2.64,13.18,3
basil,30.51,61.23,6.89,4.88,39,93,4.4,93.15,3
rosemary,22.9,58.79,7.5,9.82,10,90,0.81,22.45,3
mint,19.86,57.54,6.32,3.0,93,75,2.22,40.96,0
parsley,27.4,63.71,7.58,5.03,96,47,0.57,49.24,3
rosemary,24.95,43.28,11.3,9.95,49,85,2.23,98.87,3
mint,18.55,63.12,4.65,6.45,78,50,0.53,24.94,3
rosemary,30.29,59.09,6.93,5.66,42,55,1.43,47.27,0
lettuce,21.88,84.55,4.77,4.59,4,64,4.55,66.09,3
mint,23.31,75.54,3.44,8.52,100,44,2.02,22.07,3
basil,26.07,54.98,7.26,9.93,32,12,1.67,38.51,3
rosemary,20.92,45.57,10.85,2.57,22,67,4.99,84.97,3
parsley,28.77,57.89,6.1,7.57,73,39,4.96,53.0,3
mint,27.4,84.2,3.3,4.17,65,79,3.89,12.86,3
lettuce,15.87,61.73,7.84,0.47,27,24,4.27,15.88,3
parsley,21.94,56.24,6.78,4.92,52,6,4.6,22.53,3
rosemary,28.1,58.71,7.88,7.35,42,53,1.18,31.9,3
rosemary,28.01,45.44,8.5,3.76,48,21,1.18,45.61,3
basil,23.16,76.77,6.67,2.84,77,36,0.5,33.26,3
lettuce,26.06,76.1,5.65,1.34,76,79,4.55,84.24,3
basil,25.6,53.91,5.89,7.01,71,47,1.37,27.25,0
lettuce,19.54,68.36,7.7,9.89,78,26,2.55,36.15,3
lettuce,21.12,79.07,5.28,2.68,89,42,3.58,25.27,3
basil,27.19,75.67,8.62,6.09,67,70,4.07,66.21,3
lettuce,22.23,63.34,4.98,6.86,5,99,1.31,94.45,3
lettuce,18.22,89.39,4.23,4.59,75,66,2.65,41.01,3
lettuce,19.85,81.99,5.38,5.84,30,73,0.59,82.15,3
parsley,20.53,61.2,6.89,3.77,6,51,3.85,91.15,3
lettuce,20.22,74.28,5.0,7.47,22,0,3.51,14.05,3
rosemary,20.95,42.81,9.55,0.14,55,5,4.96,43.23,3
mint,24.11,75.96,6.62,1.54,49,9,4.08,49.67,3
lettuce,15.32,72.92,7.53,6.96,95,96,1.5,32.22,3
rosemary,30.81,52.13,10.5,7.53,20,80,4.11,56.77,3
mint,24.02,86.03,6.84,2.72,54,22,0.53,9.43,3
lettuce,23.71,65.83,7.71,5.96,45,0,3.38,17.77,3
rosemary,22.54,65.09,11.89,8.23,81,74,3.26,32.21,3
basil,31.26,74.36,6.26,9.92,69,92,3.44,82.49,3
parsley,24.44,55.16,5.78,1.04,47,62,0.68,33.67,3
mint,23.38,62.18,3.92,7.01,95,99,2.04,73.64,3
mint,25.14,70.47,4.83,5.97,9,69,3.25,76.8,3
rosemary,28.31,66.71,10.27,2.92,23,81,1.88,49.42,3
mint,19.78,72.81,3.2,2.24,31,57,0.53,60.96,3
parsley,28.2,67.97,7.47,5.64,97,92,4.95,36.51,3
parsley,24.73,69.8,6.6,6.44,73,27,3.72,2.36,3
basil,23.55,68.7,6.56,6.82,77,21,0.77,11.91,3
basil,30.7,65.5,7.86,0.43,57,22,3.88,15.36,3
rosemary,25.89,62.98,8.62,0.74,72,91,0.88,0.22,3
basil,27.27,78.68,7.89,5.24,5,97,1.97,27.88,3
basil,24.46,52.61,9.54,9.14,25,24,2.56,58.89,3
rosemary,23.17,46.55,9.84,6.92,99,99,2.84,37.33,3
parsley,29.99,62.71,5.72,6.75,11,60,2.12,73.35,3
basil,31.49,68.93,8.35,0.31,15,45,0.71,79.0,3
parsley,25.12,49.5,4.08,5.59,1,33,2.28,30.16,0
rosemary,28.34,52.61,7.96,5.57,70,20,2.2,41.13,3
basil,32.08,68.3,7.81,6.07,68,66,0.93,65.51,3
parsley,23.56,59.3,4.58,9.91,94,89,4.86,73.15,3
mint,20.48,84.75,4.21,5.65,36,52,2.04,38.1,3
rosemary,30.84,60.89,10.76,5.49,80,12,1.04,15.61,3
mint,19.04,77.31,4.91,9.07,94,99,2.58,57.03,3
lettuce,15.48,67.32,4.71,5.94,59,15,3.23,26.32,3
rosemary,23.09,53.17,10.1,8.94,85,55,3.87,79.76,3
lettuce,27.34,67.85,7.55,3.01,88,98,4.37,22.62,3
parsley,21.29,78.73,4.19,7.07,43,0,4.96,59.48,3
parsley,24.14,76.1,7.92,1.82,93,50,2.18,87.33,3
lettuce,22.36,63.48,5.91,7.19,39,47,4.01,56.21,3
mint,29.3,68.66,5.23,2.34,88,43,3.97,5.36,3
parsley,28.75,58.14,6.38,4.26,73,45,3.35,57.83,3
lettuce,21.97,64.34,4.64,8.02,36,35,1.35,70.22,3
basil,31.91,65.32,6.22,2.25,37,22,1.47,65.62,3
parsley,21.93,73.27,5.63,3.1,26,18,4.66,71.85,3
mint,19.94,75.09,3.75,6.29,98,99,0.95,43.52,3
basil,25.47,61.22,7.44,4.31,9,83,0.66,63.5,3
rosemary,26.97,60.75,8.13,7.64,32,100,0.97,89.21,3
lettuce,19.76,91.07,5.96,0.74,9,75,2.56,40.41,0
basil,31.49,68.83,7.31,3.98,93,80,3.24,83.17,3
parsley,26.3,75.13,7.19,2.07,40,65,1.82,84.85,3
basil,31.6,77.54,8.48,0.24,32,62,3.7,97.56,3
mint,27.23,67.88,3.66,7.87,23,10,0.99,48.1,3
basil,32.15,77.82,8.93,5.56,97,11,2.09,2.44,3
rosemary,25.08,44.44,9.81,4.62,38,88,4.15,38.93,3
parsley,20.24,57.21,3.98,7.66,90,31,3.96,62.94,0
lettuce,24.28,79.54,6.98,7.58,31,15,2.16,33.92,3
lettuce,16.62,63.99,5.62,3.48,82,27,4.04,12.09,3
mint,21.79,77.48,6.07,7.29,71,29,4.36,0.34,3
basil,30.29,62.59,7.85,5.3,43,68,0.87,64.65,3
parsley,24.17,54.37,5.9,3.63,11,49,1.67,64.01,3
parsley,29.8,72.38,5.66,1.28,82,41,1.06,18.0,3
lettuce,16.96,69.88,5.14,1.76,49,40,0.85,72.02,3
parsley,22.02,64.93,5.5,9.65,89,43,1.86,21.78,3
lettuce,15.06,80.83,6.23,3.13,4,58,4.43,97.22,3
rosemary,29.0,67.09,7.84,5.98,35,37,4.45,84.49,3
rosemary,26.75,58.21,8.2,7.24,29,39,0.9,2.46,3
basil,24.78,52.08,7.79,6.74,81,77,0.71,15.67,3
lettuce,17.7,76.52,6.19,3.26,79,30,2.27,53.9,3
basil,27.08,53.54,9.64,0.35,1,22,1.43,92.54,3
rosemary,30.27,43.77,7.38,6.16,55,66,2.38,70.53,3
lettuce,20.49,63.22,7.65,4.78,9,51,0.69,60.88,3
lettuce,26.42,77.14,4.39,10.0,64,59,2.66,63.15,3
mint,29.29,59.11,4.81,7.81,39,25,2.43,71.27,0
mint,28.64,72.07,4.67,4.15,96,95,1.6,91.18,3
rosemary,28.51,41.57,9.01,4.77,20,95,2.07,12.15,3
basil,25.69,59.69,8.38,1.51,59,81,4.84,84.19,3
parsley,24.44,75.85,5.2,5.29,99,81,1.5,9.46,3
basil,33.23,62.09,9.54,0.69,82,24,1.74,57.84,3
rosemary,23.51,69.31,8.05,8.44,57,5,0.65,49.82,3
parsley,19.37,65.76,6.74,1.24,38,13,1.88,57.13,3
basil,32.84,68.41,8.01,9.73,77,82,2.24,20.58,3
basil,29.04,62.86,9.25,8.63,54,55,1.77,27.05,3
parsley,21.08,69.94,6.09,0.75,3,83,3.24,6.8,3
mint,26.34,88.47,6.02,9.58,87,48,4.02,45.69,3
rosemary,21.19,47.38,9.68,4.42,17,61,2.81,89.1,3
rosemary,20.66,38.61,8.4,9.33,71,11,3.76,98.54,0
basil,34.36,58.76,8.21,8.29,69,93,2.96,68.17,3
basil,24.94,76.49,9.0,6.76,59,73,4.36,37.73,3
rosemary,31.19,52.68,7.61,8.15,6,53,3.55,91.06,3
rosemary,24.37,53.28,10.01,8.16,72,83,0.88,40.87,3
basil,32.61,79.81,7.6,4.3,7,97,2.2,78.15,3
parsley,23.33,68.91,7.41,0.21,76,60,2.06,11.3,3
mint,26.07,66.38,3.3,9.59,3,61,3.79,65.8,3
lettuce,17.31,69.7,4.94,6.17,96,49,3.68,68.98,3
parsley,23.22,62.34,7.1,7.16,20,28,3.29,77.83,3
rosemary,25.05,53.86,9.02,2.84,79,75,0.76,85.32,3
lettuce,23.89,90.9,4.23,0.69,25,40,4.94,82.94,0
basil,22.32,55.85,7.2,9.52,46,27,4.6,44.09,3
mint,23.99,79.82,3.92,4.89,49,34,4.4,99.61,3
basil,32.87,55.36,9.58,6.22,78,5,1.81,55.36,3
rosemary,23.3,43.01,6.96,7.1,51,25,1.71,91.13,0
mint,25.7,80.38,4.47,3.95,6,95,2.29,11.81,3
rosemary,22.86,47.19,7.46,1.98,58,77,2.39,22.6,3
rosemary,26.27,66.68,10.64,1.03,55,9,1.05,69.18,3
parsley,18.89,67.03,4.45,6.23,13,17,4.55,51.12,3
lettuce,18.43,66.78,6.58,7.86,83,49,3.89,23.91,3
mint,26.56,74.98,6.21,7.07,63,39,0.69,17.03,3
lettuce,19.05,66.71,6.93,5.87,98,52,4.32,39.41,3
basil,26.89,74.33,7.44,6.7,67,40,3.24,15.33,3
lettuce,21.98,83.22,7.71,1.51,81,96,2.17,31.27,3
basil,27.98,66.57,5.91,7.25,28,90,3.56,51.86,0
lettuce,22.07,65.9,4.56,3.45,89,46,2.85,55.93,3
rosemary,21.89,43.39,8.43,9.81,50,52,3.25,36.81,3
basil,28.51,54.25,8.22,8.02,53,42,3.56,96.22,3
mint,20.38,74.54,6.79,0.16,77,8,0.86,85.82,3
lettuce,16.77,74.14,6.23,4.01,76,34,2.66,86.85,3
lettuce,22.68,65.69,6.58,1.63,95,4,4.21,17.07,3
lettuce,23.3,81.42,6.53,2.6,32,3,0.9,49.77,3
mint,23.21,65.13,6.79,3.78,40,47,3.22,39.46,3
lettuce,23.54,60.8,5.42,4.64,15,23,2.56,76.08,3
lettuce,21.4,65.97,5.88,1.49,19,10,4.32,92.66,3
basil,31.71,54.1,7.85,1.54,33,69,2.96,52.09,3
parsley,28.13,65.03,6.72,0.56,43,46,3.73,2.29,3
mint,18.8,74.91,6.04,9.86,87,32,3.17,2.03,3
mint,26.0,83.91,5.64,9.52,59,67,2.63,58.67,3
rosemary,31.28,58.2,7.34,2.96,34,68,1.64,19.83,3
basil,29.77,70.71,7.46,0.57,23,74,3.59,20.04,3
lettuce,22.83,64.35,4.84,5.36,78,9,3.89,73.55,3
parsley,29.84,70.65,3.97,1.62,17,96,1.48,91.89,0
basil,22.89,74.81,7.38,9.08,11,88,2.25,53.48,3
rosemary,21.52,66.51,8.69,8.52,14,98,3.79,0.36,3
basil,33.47,65.19,8.04,5.62,45,4,2.81,33.15,3
lettuce,25.83,77.81,4.21,7.75,31,95,1.08,28.87,3
basil,26.1,66.81,8.21,0.76,66,31,2.33,84.92,3
rosemary,22.8,53.49,8.9,0.06,72,9,1.02,36.99,3
rosemary,21.26,64.97,8.22,6.88,98,2,1.08,73.15,3
parsley,19.44,77.2,7.38,2.83,52,17,3.55,20.08,3
basil,33.38,77.82,6.33,0.6,66,62,2.8,14.51,3
lettuce,17.89,59.1,6.85,7.15,66,50,2.02,47.03,0
mint,25.91,91.2,3.42,7.44,20,41,4.67,82.62,0
basil,31.85,77.47,9.26,1.06,88,91,1.65,39.37,3
parsley,24.65,62.95,6.99,6.06,79,34,2.25,67.71,3
basil,29.43,57.1,8.17,1.94,36,61,3.87,37.63,3
rosemary,28.13,67.95,8.95,0.65,0,0,2.35,84.97,3
basil,34.1,65.27,9.65,7.08,44,18,3.66,80.91,3
lettuce,23.74,74.32,6.0,6.94,29,98,1.82,81.28,3
parsley,19.24,55.16,5.68,4.51,6,66,0.79,80.71,3
basil,31.58,70.42,8.82,9.92,93,66,4.54,0.83,3
basil,30.28,64.91,8.75,9.76,38,20,4.59,10.38,3
parsley,22.17,68.47,5.96,6.28,54,95,2.54,84.43,3
mint,28.85,65.55,6.21,4.57,82,90,2.76,43.55,3
lettuce,18.24,75.88,4.56,7.97,91,60,4.98,62.44,3
mint,19.47,64.14,3.44,2.96,45,26,4.68,19.41,3
lettuce,17.24,78.53,5.12,1.13,16,34,3.29,50.63,3
mint,22.68,74.54,6.91,5.5,81,52,3.5,72.91,3
basil,30.98,57.9,6.6,0.84,22,100,1.14,1.39,3
parsley,26.46,67.12,4.43,8.56,9,19,1.85,58.31,3
parsley,20.18,56.03,6.58,4.9,37,17,2.86,51.35,3
rosemary,22.96,53.09,10.17,2.48,85,98,2.39,4.28,3
rosemary,31.08,70.91,11.43,5.89,66,38,0.8,70.51,0
lettuce,22.63,66.03,4.36,3.81,38,3,2.15,36.03,3
rosemary,24.3,60.79,7.86,2.77,93,41,3.02,99.98,3
lettuce,27.0,88.98,5.89,4.13,14,19,3.24,21.39,3
lettuce,19.9,69.76,5.27,5.36,69,61,1.0,81.0,3
lettuce,21.96,71.7,5.19,9.73,39,98,2.16,13.45,3
rosemary,20.79,53.3,8.09,6.45,79,82,1.31,35.62,3
lettuce,24.11,73.44,5.51,3.78,1,19,3.61,12.1,3
lettuce,15.39,91.01,6.69,2.01,63,84,2.31,55.92,0
lettuce,22.29,75.32,4.04,1.4,38,84,3.55,84.78,3
rosemary,29.42,67.07,11.32,2.67,61,86,3.35,13.35,3
mint,28.98,78.49,6.65,7.86,33,2,2.23,62.56,3
basil,25.2,68.97,9.86,5.01,43,42,1.08,76.98,3
parsley,20.22,52.42,7.65,9.92,34,17,1.87,27.08,3
rosemary,21.36,63.51,7.79,9.52,25,95,3.05,63.97,3
mint,20.62,79.1,3.31,6.45,61,21,0.84,8.92,3
basil,29.26,65.81,9.84,3.96,32,90,2.7,5.02,3
parsley,26.86,53.76,5.79,7.69,13,74,3.17,24.9,3
parsley,23.48,68.26,7.16,3.41,91,13,4.38,2.53,3
mint,26.48,76.62,6.23,2.78,100,76,1.8,28.68,3
rosemary,28.55,68.63,8.86,9.18,39,36,0.89,7.37,3
basil,32.95,68.11,9.38,5.58,10,46,2.01,81.76,3
parsley,21.89,80.53,6.28,9.07,46,41,3.04,71.77,0
mint,23.28,72.2,6.25,6.8,13,62,3.54,43.88,3
lettuce,22.4,77.12,6.22,5.53,55,27,2.04,41.1,3
parsley,21.39,72.42,7.42,4.66,26,68,2.24,3.84,3
lettuce,26.92,83.98,6.06,8.48,82,83,3.36,31.9,3
lettuce,23.65,59.97,6.09,5.63,88,82,0.66,6.15,0
parsley,23.14,59.42,5.4,7.88,95,97,4.28,95.23,3
basil,33.69,70.05,7.4,8.3,31,89,3.27,66.3,3
parsley,26.83,69.17,6.54,3.84,86,35,2.56,95.55,3
basil,22.64,56.59,6.12,5.83,86,7,4.0,34.25,3
parsley,29.3,59.99,5.25,8.62,49,99,3.45,70.65,3
parsley,28.77,65.7,6.2,6.79,48,82,1.08,75.07,3
mint,23.21,63.87,2.96,1.92,56,100,3.74,75.7,0
lettuce,24.63,80.99,6.65,0.24,66,68,1.36,27.5,3
rosemary,28.33,50.16,7.24,3.98,32,34,1.84,72.75,3
parsley,19.42,78.18,5.77,3.04,78,93,4.81,82.71,3
rosemary,23.79,46.5,9.52,9.38,57,97,4.32,94.42,3
basil,32.16,69.56,6.38,6.8,83,47,0.96,16.91,3
mint,21.28,67.37,5.63,3.88,93,56,3.27,80.71,3
rosemary,29.82,55.89,6.97,1.46,58,48,2.11,67.55,0
mint,21.82,61.48,6.84,3.28,42,81,1.2,15.03,3
rosemary,29.24,49.39,11.58,5.74,18,42,3.54,99.18,3
parsley,19.11,77.46,6.02,0.65,67,19,4.65,22.45,3
mint,26.03,92.59,6.24,7.19,26,50,1.27,69.93,0
mint,18.34,91.55,5.15,7.79,75,5,3.73,73.76,0
mint,18.31,59.74,6.95,0.15,11,4,3.48,71.11,0
basil,34.19,58.8,7.22,2.82,91,16,2.74,95.3,3
mint,29.58,80.58,4.35,8.72,55,58,4.94,55.57,3
parsley,22.2,71.57,4.37,4.52,80,52,1.46,0.73,3
parsley,29.92,67.33,4.91,6.24,57,20,3.43,11.27,3
basil,34.98,61.35,9.53,6.27,56,11,0.96,19.9,3
mint,23.88,92.55,5.45,1.6,54,36,2.61,63.92,0
basil,24.97,68.75,8.87,6.97,36,20,1.5,20.6,3
parsley,29.85,65.78,4.08,1.87,13,80,1.5,39.6,3
basil,30.86,61.04,8.04,1.29,24,31,1.93,71.62,3
basil,22.09,57.04,8.02,2.41,9,30,4.09,56.85,3
lettuce,16.3,69.13,5.68,3.53,84,45,3.99,4.67,3
basil,34.42,53.21,6.47,4.88,72,8,4.51,57.84,3
lettuce,26.85,63.67,5.04,1.28,73,1,3.76,26.03,3
parsley,23.51,71.0,7.71,9.32,48,80,0.86,27.97,3
parsley,23.0,73.59,6.09,0.43,98,17,2.91,35.6,3
rosemary,20.83,62.75,11.51,0.06,87,75,4.48,46.86,3
rosemary,23.07,40.49,7.12,5.29,56,26,2.21,84.39,3
basil,24.97,76.19,10.33,7.71,59,61,4.77,83.35,0
mint,24.43,82.59,5.71,9.24,55,13,3.22,68.45,3
rosemary,20.94,66.86,11.49,7.81,77,81,1.07,94.86,3
mint,21.16,73.59,6.59,3.11,14,25,2.91,18.5,3
rosemary,29.89,45.27,11.53,0.04,32,78,0.85,72.28,3
basil,27.83,54.88,7.84,8.9,96,51,3.92,62.35,3
parsley,22.23,56.79,7.57,7.17,84,12,0.53,87.5,3
parsley,22.69,58.21,7.3,2.42,81,98,2.0,49.09,3
rosemary,27.73,41.65,9.73,6.52,92,25,2.31,28.97,3
parsley,22.5,54.82,6.53,0.87,37,67,3.14,25.02,3
basil,34.03,65.55,9.35,2.64,53,7,1.29,43.28,3
parsley,21.05,52.46,5.18,9.9,74,71,4.73,59.02,3
mint,28.24,80.12,3.27,4.18,62,76,1.16,39.94,3
lettuce,15.61,63.57,5.61,1.74,91,60,2.98,29.56,3
rosemary,20.33,40.64,8.38,2.97,7,6,1.88,71.8,3
lettuce,16.97,84.61,7.47,6.91,0,34,4.05,41.91,3
lettuce,18.29,57.7,6.43,6.69,63,47,4.53,2.87,0
rosemary,24.17,58.95,9.42,1.73,96,79,0.56,9.34,3
mint,25.14,82.01,6.74,5.98,25,76,0.59,88.33,3
rosemary,26.0,66.76,11.04,8.96,69,92,2.82,42.16,3
mint,27.16,85.19,3.08,3.26,14,32,3.14,28.83,3
lettuce,18.71,65.32,4.72,8.87,78,34,2.22,99.91,3
rosemary,22.46,67.25,8.88,3.78,59,1,2.98,23.14,3
basil,24.14,65.05,8.12,5.28,60,65,0.67,15.17,3
lettuce,20.42,64.01,4.41,6.97,11,30,1.52,69.08,3
basil,30.91,59.91,7.54,2.14,83,75,3.55,52.56,3
rosemary,29.44,42.63,7.23,3.09,79,20,0.95,53.1,3
rosemary,23.1,43.94,12.48,4.19,57,22,4.92,25.42,0
lettuce,23.15,70.09,7.91,1.65,30,70,1.71,67.92,3
basil,25.46,75.77,7.6,1.65,58,8,1.95,88.98,3
lettuce,26.29,72.68,6.93,9.84,80,10,1.57,0.87,3
lettuce,19.89,81.69,4.37,2.15,82,89,2.18,16.39,3
mint,27.66,63.19,5.63,0.97,60,76,4.96,78.08,3
lettuce,26.97,87.67,8.03,9.75,12,64,2.61,75.94,0
rosemary,21.45,49.42,8.85,9.72,4,76,0.97,47.46,3
rosemary,28.97,69.73,12.35,4.26,61,6,2.48,32.71,0
basil,29.13,53.37,6.35,1.54,49,91,1.28,75.67,3
parsley,24.99,74.81,8.07,4.75,99,9,4.36,96.86,0
rosemary,21.42,61.12,8.56,3.05,0,27,3.0,22.9,3
rosemary,24.19,48.15,7.61,8.52,61,73,1.66,85.2,3
lettuce,24.55,58.77,5.95,3.04,35,82,2.09,38.87,0
basil,33.11,64.55,9.59,0.24,92,79,0.99,95.79,3
basil,24.08,52.48,8.72,3.75,26,18,0.9,30.3,3
rosemary,31.82,62.98,10.14,0.1,73,16,2.78,13.1,3
parsley,22.11,74.95,7.34,5.3,57,4,1.87,56.57,3
lettuce,17.97,84.31,4.74,6.17,58,97,4.47,64.5,3
parsley,21.56,58.59,4.25,6.7,38,73,1.3,46.9,3
lettuce,22.64,82.06,5.36,0.17,0,13,3.59,27.05,3
rosemary,26.45,54.39,7.29,3.64,41,74,3.46,18.12,3
parsley,29.36,74.71,4.63,6.21,2,81,1.99,29.44,3
mint,25.93,86.79,3.7,1.6,88,65,0.78,34.99,3
lettuce,24.23,77.21,5.9,1.1,65,54,3.64,3.7,3
mint,25.0,77.91,6.16,9.61,56,55,1.18,53.09,3
lettuce,20.98,82.67,4.18,3.39,80,30,2.18,79.44,3
rosemary,20.54,49.86,10.09,7.09,68,67,0.9,45.46,3
basil,34.55,72.04,9.22,1.77,94,6,2.64,90.23,3
basil,27.89,51.62,8.29,4.09,28,1,1.39,9.98,3
lettuce,16.0,72.22,7.9,9.12,100,14,2.78,88.64,3
parsley,29.3,58.23,5.56,6.58,95,10,3.65,8.95,3
parsley,21.67,72.95,7.21,7.01,97,77,0.56,29.95,3
mint,19.37,69.37,4.0,3.93,21,54,4.56,27.63,3
rosemary,22.06,48.89,8.77,7.38,27,100,2.42,23.45,3
basil,22.54,72.61,7.16,5.1,99,58,1.08,80.4,3
basil,22.44,55.38,9.44,9.2,26,61,4.99,88.12,3
basil,31.18,72.88,7.17,5.07,12,73,1.04,75.52,3
rosemary,26.98,61.97,8.5,0.63,25,17,1.99,35.36,3
rosemary,24.04,57.58,8.81,2.75,20,25,2.09,67.43,3
rosemary,30.81,64.1,8.26,8.9,93,50,3.98,44.58,3
parsley,25.01,78.91,7.99,4.55,94,26,1.16,37.63,3
lettuce,17.33,79.3,4.63,0.23,79,56,4.01,5.42,3
parsley,29.86,73.35,4.95,8.71,69,72,1.72,84.46,3
parsley,20.28,72.46,5.22,7.41,12,16,2.17,72.15,3
mint,25.79,71.46,5.94,7.4,70,2,0.97,35.56,3
parsley,26.63,76.3,6.49,3.33,66,32,2.39,68.55,3
basil,34.74,75.48,7.83,2.08,10,23,2.32,2.31,3
mint,18.13,73.99,3.37,2.89,89,9,2.2,51.45,3
lettuce,15.47,87.08,4.05,4.27,60,60,3.74,17.28,3
mint,23.18,83.72,3.75,5.31,24,92,3.96,69.0,3
lettuce,21.21,69.71,5.62,0.44,64,91,4.71,1.37,3
basil,28.76,58.98,9.34,9.26,43,30,2.8,56.66,3
parsley,23.39,56.69,5.88,1.9,29,55,1.9,72.05,3
basil,22.2,56.8,7.93,7.45,13,97,4.06,80.88,3
lettuce,23.43,82.59,6.06,4.84,95,66,3.51,15.14,3
rosemary,22.93,46.11,9.88,1.04,90,82,1.75,46.62,3
rosemary,21.51,55.86,9.49,1.35,62,42,2.1,56.85,3
parsley,18.77,68.24,6.12,3.62,97,28,1.47,25.83,3
parsley,21.55,77.36,6.78,4.64,34,10,4.09,64.67,3
mint,28.93,90.3,6.47,0.73,52,62,3.22,44.31,0
mint,19.36,71.44,4.53,8.5,50,89,3.51,51.34,3
basil,31.38,66.38,7.29,7.59,74,24,2.24,28.95,3
lettuce,19.31,66.62,4.09,7.44,35,96,4.81,74.92,3
lettuce,24.45,70.83,5.03,7.89,3,16,2.31,62.7,3
lettuce,26.3,75.65,7.3,0.92,11,57,0.56,72.67,3
parsley,20.93,63.04,4.08,0.22,24,53,3.28,26.57,3
basil,22.33,69.48,8.97,8.88,89,65,2.64,35.46,3
lettuce,20.0,88.92,4.34,9.93,31,33,2.21,32.04,3
lettuce,26.12,66.96,6.3,1.91,64,28,4.2,36.21,3
basil,31.31,64.55,9.4,5.79,66,99,1.59,4.46,3
mint,21.01,65.5,4.73,3.74,99,30,1.86,66.11,3
parsley,23.89,62.95,5.84,7.83,82,23,1.24,26.08,3
parsley,23.0,55.38,6.13,2.22,9,27,1.96,58.42,3
rosemary,31.4,55.94,9.05,2.91,19,95,4.13,70.44,3
parsley,29.62,72.74,4.49,6.34,24,93,1.12,81.21,3
rosemary,21.4,61.63,11.9,2.97,54,20,2.46,93.23,3
lettuce,22.62,78.56,6.13,5.6,55,39,3.33,60.18,3
rosemary,28.41,65.85,10.49,3.15,61,48,1.39,92.86,3
rosemary,28.12,63.76,8.0,9.31,51,93,4.98,32.86,3
parsley,20.24,70.38,4.52,4.42,90,37,4.58,35.65,3
basil,28.93,60.27,8.36,3.18,77,9,2.55,15.61,3
parsley,22.38,50.12,4.36,6.23,93,30,4.6,38.5,3
mint,29.07,68.75,6.07,8.25,5,31,4.0,68.48,3
parsley,23.8,54.49,5.55,3.75,81,64,4.8,70.93,3
mint,25.59,61.89,7.02,6.84,58,42,3.85,55.8,0
parsley,19.95,57.56,7.11,0.63,96,30,1.48,50.96,3
basil,23.78,60.35,6.42,3.07,50,20,2.89,91.53,3
lettuce,26.06,78.77,6.88,8.68,51,36,1.88,84.7,3
lettuce,26.33,76.74,6.76,5.84,46,41,0.9,34.63,3
basil,28.89,51.76,7.69,2.75,59,87,2.98,90.72,3
lettuce,15.25,77.21,5.67,9.84,32,7,4.19,51.89,3
mint,25.97,59.28,6.9,3.12,57,68,3.02,99.04,0
mint,28.96,91.5,3.71,8.4,10,52,3.87,42.83,0
basil,29.0,60.66,8.97,6.02,64,66,2.47,75.57,3
basil,26.88,75.45,7.02,0.87,82,31,3.69,39.21,3
mint,28.27,65.28,5.04,8.01,75,73,3.26,37.02,3
rosemary,24.26,71.1,10.37,3.74,7,56,0.69,66.4,0
parsley,21.89,73.91,6.98,2.96,90,33,0.59,47.1,3
basil,25.17,70.13,9.26,1.03,62,4,3.89,37.88,3
lettuce,22.83,87.44,6.6,0.68,69,42,4.68,46.94,3
rosemary,22.36,43.6,9.22,9.64,3,63,3.01,39.64,3
lettuce,16.3,62.68,7.14,8.22,31,66,2.39,85.92,3
rosemary,29.07,46.0,11.14,5.0,39,82,0.8,77.73,3
basil,28.17,70.1,6.38,8.32,19,25,3.52,49.57,3
mint,28.5,66.85,6.48,6.26,19,18,3.63,77.98,3
basil,24.28,77.44,7.12,0.55,2,89,3.67,98.98,3
mint,29.71,76.18,7.15,0.22,43,83,1.12,56.76,0
parsley,21.36,54.03,5.81,4.14,12,81,3.36,78.35,3
basil,26.06,77.4,6.36,5.11,7,21,3.95,86.67,3
mint,25.19,75.09,5.23,4.95,60,36,2.46,84.2,3
lettuce,26.46,62.8,3.97,8.26,14,61,4.24,76.86,0
basil,24.16,65.14,9.39,3.39,6,66,4.99,23.02,3
mint,29.31,85.33,4.27,1.04,8,41,2.64,68.97,3
lettuce,19.13,71.65,7.4,7.51,57,44,4.65,45.32,3
lettuce,25.48,84.15,6.27,9.86,14,25,1.53,43.26,3
rosemary,31.41,54.02,8.71,0.7,41,66,3.18,66.17,3
parsley,20.75,64.32,7.75,6.69,73,13,0.8,24.76,3
basil,32.24,62.32,6.64,2.28,60,84,0.91,99.86,3
parsley,26.42,74.07,7.2,3.98,58,42,3.72,84.25,3
mint,23.82,83.17,4.19,9.39,98,57,1.26,96.56,3
basil,32.95,78.99,9.26,4.42,80,81,2.14,31.29,3
mint,22.95,64.6,3.35,9.82,68,18,4.67,92.5,3
mint,21.18,89.89,6.46,5.18,51,87,4.49,99.37,3
lettuce,19.35,67.74,7.01,6.43,89,29,0.53,32.09,3
basil,28.45,67.84,9.66,5.22,20,17,4.79,69.04,3
mint,21.42,75.3,6.49,2.27,88,11,3.72,69.1,3
lettuce,23.73,65.88,6.09,9.31,36,61,2.92,50.14,3
basil,31.39,81.22,9.55,2.14,17,13,1.59,80.36,0
mint,29.61,82.85,5.44,5.04,21,77,1.51,81.95,3
parsley,21.99,70.32,4.06,5.41,25,0,4.15,22.53,3
mint,29.13,80.41,7.04,8.88,87,92,4.16,9.35,0
basil,31.73,78.26,7.15,8.68,24,6,4.4,10.56,3
basil,22.93,72.15,8.07,4.69,87,59,1.12,29.02,3
rosemary,29.03,47.3,7.14,0.07,45,99,4.72,76.49,3
mint,29.21,67.81,5.68,9.53,64,95,1.81,99.01,3
parsley,29.5,70.03,7.43,5.39,17,60,4.67,30.1,3
basil,32.59,59.69,6.54,8.16,20,68,2.56,98.05,3
mint,28.39,91.59,3.86,0.07,19,61,3.4,82.26,0
mint,18.09,69.36,3.07,2.33,34,85,3.64,6.74,3
rosemary,29.15,52.83,8.54,0.37,42,8,3.22,27.93,3
basil,27.65,60.27,7.6,4.22,37,87,1.06,86.32,3
basil,28.41,67.79,8.92,9.44,17,68,3.41,91.93,3
lettuce,26.08,65.31,4.0,4.97,9,83,3.4,52.6,3
lettuce,23.97,70.58,5.24,2.1,71,2,0.6,4.26,3
basil,26.01,68.49,8.98,1.31,77,30,1.1,90.45,3
mint,22.61,62.9,4.64,8.57,60,54,1.19,49.91,3
parsley,23.7,60.34,4.95,6.09,3,94,0.93,61.2,3
parsley,24.58,57.11,4.26,5.79,78,72,3.88,24.31,3
basil,31.51,72.61,6.74,9.37,21,57,2.48,69.28,3
basil,24.5,74.34,9.59,3.32,96,92,4.06,88.43,3
rosemary,23.32,55.97,11.1,9.28,19,18,4.6,94.38,3
lettuce,25.89,63.51,6.1,7.04,76,47,1.54,79.67,3
rosemary,21.46,65.73,7.69,9.84,26,62,2.55,37.35,3
basil,34.53,56.5,7.09,9.3,80,5,1.13,82.47,3
lettuce,27.53,69.78,7.05,5.33,64,55,2.96,33.18,3
rosemary,26.31,57.55,11.84,3.62,16,31,4.92,93.59,3
rosemary,29.35,43.8,7.84,6.52,13,80,2.18,3.26,3
basil,26.22,64.28,9.79,9.27,18,99,3.31,50.93,3
rosemary,25.94,55.13,11.49,9.14,100,58,2.01,16.67,3
lettuce,20.0,59.15,7.55,9.83,28,19,0.7,17.66,0
rosemary,25.15,54.06,10.82,8.23,70,78,1.29,66.44,3
parsley,27.71,67.37,4.24,6.45,6,17,3.93,40.09,3
mint,29.32,84.12,5.02,1.69,36,55,4.87,88.6,3
lettuce,18.11,61.99,6.63,1.23,35,77,3.92,40.53,3
rosemary,29.85,46.08,7.87,1.71,6,5,1.7,83.48,3
parsley,19.08,72.61,4.67,8.69,20,27,3.48,77.61,3
lettuce,22.03,67.31,4.5,5.26,82,5,0.99,18.8,3
basil,32.69,72.18,7.44,3.72,1,32,3.42,38.08,3
basil,30.04,61.66,8.87,4.38,49,21,4.41,56.29,3
parsley,29.07,64.79,6.97,5.16,58,77,1.1,96.58,3
rosemary,28.53,42.66,8.09,9.12,86,63,1.63,99.34,3
basil,28.1,55.55,9.12,8.71,14,87,1.62,78.52,3
basil,30.35,76.47,9.28,6.9,64,10,2.17,67.94,3
parsley,21.33,52.85,4.42,0.63,36,64,3.34,73.48,3
parsley,19.91,67.22,5.23,8.0,35,57,3.33,87.61,3
mint,27.82,75.02,6.62,1.39,47,58,4.13,92.48,3
basil,34.1,58.86,8.73,3.43,26,98,0.81,2.94,3
basil,26.13,64.53,9.05,5.31,52,33,3.47,38.05,3
lettuce,27.0,69.97,7.93,7.19,82,51,2.28,40.07,3
mint,23.68,71.88,5.65,9.3,3,52,4.28,40.74,3
lettuce,27.45,85.58,6.62,8.43,76,88,3.72,34.2,3
basil,27.53,51.45,6.16,5.56,21,41,4.41,69.52,3
mint,23.46,82.69,5.06,5.69,62,10,3.06,93.08,3
rosemary,31.34,67.51,11.28,8.05,98,35,3.67,22.88,3
rosemary,25.06,59.21,7.0,9.77,20,16,4.87,16.03,3
mint,28.64,60.86,3.88,2.41,83,99,3.68,47.4,3
mint,21.27,79.16,4.19,0.39,21,83,2.68,15.27,3
parsley,19.98,74.9,4.59,3.45,58,57,2.01,72.83,3
basil,30.06,64.82,8.33,6.11,26,58,2.76,18.09,3
basil,27.18,76.48,7.5,6.25,33,30,3.28,55.78,3
mint,22.46,70.08,5.08,0.43,36,17,4.45,59.17,3
basil,27.1,74.15,6.53,0.61,89,43,1.49,82.0,3
parsley,22.22,57.26,6.45,2.99,70,93,2.81,50.46,3
basil,22.44,65.74,6.1,4.98,59,93,2.4,23.27,3
lettuce,19.94,88.77,7.87,9.8,59,10,1.08,19.61,3
basil,29.5,54.24,8.97,9.78,88,62,3.23,63.34,3
lettuce,27.16,91.83,7.49,7.6,45,81,1.0,27.75,0
parsley,21.25,73.45,7.24,0.23,15,19,2.96,17.44,3
mint,28.43,63.65,6.57,5.0,20,51,2.63,58.78,3
mint,23.75,60.94,5.91,6.03,10,37,2.05,9.69,3
basil,27.84,82.13,7.51,6.99,26,86,0.76,81.0,0
rosemary,22.73,40.28,11.81,4.98,40,87,4.33,68.44,3
rosemary,26.6,51.36,9.85,1.94,55,16,4.03,86.31,3
mint,21.63,66.84,6.07,8.31,74,24,3.42,96.64,3
rosemary,30.03,53.52,7.97,2.13,36,13,1.78,16.76,3
rosemary,28.97,46.74,7.77,4.83,33,4,4.89,60.35,3
basil,26.8,74.03,5.96,7.97,14,65,2.99,79.53,0
basil,30.6,59.2,7.12,8.27,87,57,2.94,31.28,3
parsley,24.34,53.87,5.71,7.8,44,23,1.36,93.34,3
parsley,23.36,61.33,4.53,7.1,58,73,2.29,85.73,3
parsley,28.31,55.14,4.91,1.16,49,67,4.82,23.22,3
mint,18.58,81.47,4.88,5.55,25,1,3.06,33.75,3
lettuce,23.49,61.85,5.48,3.07,68,21,3.98,65.49,3
rosemary,22.85,52.81,7.67,3.28,50,15,4.98,18.09,3
lettuce,23.56,70.12,3.84,7.83,10,34,2.22,79.45,0
parsley,28.81,74.35,7.87,1.18,40,98,2.29,86.99,3
basil,28.02,62.46,7.24,8.31,69,78,3.68,2.99,3
parsley,25.08,52.34,6.2,9.04,4,16,2.16,64.57,3
lettuce,24.15,60.31,4.61,1.74,100,59,4.44,11.65,3
lettuce,23.19,85.06,4.91,3.24,53,86,1.87,73.65,3
rosemary,20.95,47.36,11.25,4.46,41,53,0.55,85.77,3
mint,20.52,81.95,3.42,2.98,92,39,4.06,72.79,3
rosemary,28.0,58.36,9.76,6.72,20,78,3.95,99.9,3
mint,29.29,63.29,6.71,5.82,53,85,3.61,52.12,3
basil,28.89,53.85,7.47,3.78,41,10,4.56,40.53,3
basil,29.53,77.62,8.76,0.55,94,71,3.38,55.93,3
mint,29.25,84.9,6.1,7.51,41,69,2.05,61.84,3
mint,20.89,87.01,3.66,3.72,21,92,1.28,67.05,3
lettuce,16.31,73.12,7.38,2.31,81,61,4.66,47.5,3
lettuce,18.25,74.75,5.18,9.05,99,52,4.65,18.15,3
rosemary,24.6,65.17,11.81,3.93,73,57,0.81,57.23,3
mint,24.52,68.11,6.57,8.1,76,37,2.7,56.07,3
lettuce,27.89,75.59,6.63,3.66,58,7,3.03,44.38,3
basil,25.19,62.93,7.3,3.1,20,30,2.6,13.14,3
rosemary,31.71,41.94,10.76,9.58,69,4,3.81,76.99,3
lettuce,24.74,71.97,5.46,9.45,78,90,1.42,85.66,3
lettuce,16.64,75.32,7.89,5.99,38,51,1.91,69.59,3
basil,24.26,73.68,6.16,1.16,27,4,1.0,9.1,3
lettuce,25.41,83.33,7.42,3.5,1,84,0.94,25.56,3
parsley,28.79,61.26,4.58,9.64,57,71,4.28,35.65,3
parsley,19.8,69.73,6.61,4.24,79,73,2.22,47.3,3
lettuce,21.66,85.8,4.12,3.54,52,36,2.49,0.66,3
basil,29.95,60.17,7.69,6.6,27,92,3.38,90.93,3
parsley,20.66,73.72,6.71,8.76,7,81,1.3,27.54,3
basil,25.59,53.79,10.09,5.27,50,15,4.2,4.07,0
mint,18.76,74.73,3.71,8.5,56,47,2.93,41.79,3
basil,25.61,70.21,8.29,2.46,84,18,1.43,73.13,3
parsley,20.51,74.32,4.69,6.42,48,44,3.91,6.81,3
parsley,21.75,55.58,4.98,2.56,17,17,2.56,66.8,3
mint,28.24,66.79,3.65,9.63,18,8,4.94,87.91,3
basil,30.28,74.31,7.62,4.92,76,36,0.5,46.87,3
lettuce,17.99,84.4,4.02,0.48,71,74,1.73,20.37,3
parsley,20.94,68.16,4.54,2.94,23,16,1.56,11.81,3
rosemary,27.69,53.33,11.36,3.13,8,90,1.88,13.54,3
basil,31.29,53.07,9.85,7.66,98,47,1.69,17.5,3
parsley,22.24,54.56,6.57,10.0,70,78,1.18,8.83,3
rosemary,29.63,45.14,7.35,4.97,72,60,1.41,77.79,3
lettuce,19.15,59.4,6.96,7.47,14,75,2.9,78.55,0
mint,26.24,65.02,6.72,5.57,43,29,4.14,35.92,3
basil,27.29,52.14,10.07,3.38,55,2,0.95,82.69,0
parsley,26.44,62.35,7.24,5.89,61,84,4.56,25.35,3
mint,21.44,84.23,5.12,0.55,69,100,4.09,60.77,3
rosemary,23.75,48.37,11.05,8.49,93,17,4.12,29.82,3
mint,26.89,66.5,5.28,9.89,99,74,0.96,59.19,3
basil,27.36,73.99,9.15,5.84,48,61,1.31,47.17,3
parsley,26.1,79.88,7.35,6.34,11,40,4.52,54.63,3
mint,20.04,62.95,5.65,2.74,95,81,2.32,83.83,3
parsley,18.5,75.11,5.48,1.2,96,8,2.3,30.38,3
basil,28.14,64.55,6.79,0.1,82,60,1.57,52.11,3
mint,21.87,75.49,6.76,8.71,24,82,2.19,38.27,3
rosemary,26.12,61.54,8.0,0.44,30,73,2.05,44.79,3
lettuce,27.58,76.82,6.62,0.03,40,56,4.44,89.79,3
lettuce,18.95,86.1,7.5,9.19,71,65,0.6,11.29,3
basil,31.44,52.32,9.22,1.14,18,98,2.75,51.15,3
parsley,19.92,65.63,6.28,2.51,70,96,3.53,49.4,3
basil,24.4,72.17,6.4,2.6,46,13,1.65,86.96,3
parsley,21.53,65.57,5.85,9.79,7,16,3.75,29.71,3
rosemary,31.37,53.31,10.6,0.11,30,10,3.26,37.75,3
parsley,19.43,64.99,4.54,5.19,98,42,1.34,30.63,3
rosemary,25.15,55.58,11.39,4.67,1,82,4.01,75.72,3
parsley,25.86,65.44,6.87,5.73,88,95,4.32,57.34,3
rosemary,26.11,41.59,8.68,1.31,98,64,1.92,0.69,3
parsley,23.69,56.74,3.94,4.58,39,93,2.76,5.57,0
basil,32.62,53.53,8.25,4.36,70,20,4.83,33.04,3
lettuce,24.51,66.9,7.13,5.62,56,28,4.64,68.47,3
rosemary,25.16,43.54,7.68,1.16,78,86,0.65,24.61,3
lettuce,26.79,75.01,6.21,9.35,56,78,1.25,32.58,3
parsley,28.62,74.27,7.54,6.15,7,30,1.3,6.72,3
lettuce,22.6,73.48,4.01,3.77,41,99,4.99,80.53,3
mint,24.76,73.35,4.44,9.1,90,59,4.25,3.9,3
rosemary,22.23,66.34,9.67,8.16,80,24,1.19,57.7,3
mint,19.69,72.35,6.54,3.25,54,65,2.48,52.16,3
rosemary,26.33,42.61,10.18,0.03,13,58,4.61,8.03,3
mint,18.05,66.49,7.21,4.39,38,10,2.38,95.41,0
lettuce,18.78,75.32,7.7,5.97,4,82,1.65,37.08,3
basil,27.41,65.02,6.24,1.51,64,38,1.85,16.5,3
parsley,27.24,60.54,7.94,5.64,83,26,1.86,75.74,3
lettuce,19.32,68.15,7.2,4.74,86,55,4.0,14.32,3
lettuce,16.63,69.08,6.99,0.13,91,25,0.72,27.87,3
mint,24.44,93.75,6.78,8.58,14,90,1.35,45.07,0
lettuce,24.5,68.2,4.78,7.73,12,82,3.21,65.18,3
basil,32.02,74.12,6.75,0.25,76,46,1.38,72.85,3
lettuce,17.15,88.17,4.25,4.54,55,42,3.21,36.77,3
rosemary,29.65,69.59,7.81,6.57,48,26,3.04,55.88,3
parsley,29.57,50.32,6.31,9.05,19,59,4.01,78.57,3
basil,26.31,75.0,10.05,3.44,37,43,4.09,98.7,0
mint,28.44,80.25,6.73,1.13,85,50,1.63,40.76,3
lettuce,22.16,86.08,6.64,7.81,60,99,2.98,11.72,3
basil,25.24,58.46,8.45,8.22,89,38,0.83,7.48,3
parsley,23.39,64.28,4.27,7.72,99,16,2.4,46.06,3
basil,22.59,74.35,8.04,8.03,81,29,3.58,23.5,3
mint,19.31,83.13,6.53,6.05,90,55,4.86,62.33,3
lettuce,18.27,74.38,5.75,5.9,65,63,0.53,56.84,3
parsley,21.23,70.57,4.86,7.31,48,62,4.64,85.24,3
rosemary,31.82,66.69,7.34,4.92,75,93,3.8,98.9,3
basil,28.79,53.24,6.33,5.23,68,55,1.97,30.39,3
lettuce,19.25,84.57,3.97,3.23,68,39,4.81,56.98,0
mint,22.78,68.69,5.0,5.22,34,3,1.41,85.46,3
rosemary,31.81,67.53,9.25,4.43,20,100,3.92,64.54,3
lettuce,26.81,83.71,6.78,2.62,71,38,0.87,5.89,3
lettuce,25.17,73.05,4.14,9.93,60,55,3.41,72.97,3
basil,34.86,55.88,6.49,0.34,76,66,3.66,86.35,3
lettuce,23.64,78.14,5.62,1.15,48,42,0.79,45.86,3
parsley,23.54,51.97,7.16,3.56,55,25,2.13,72.73,3
basil,28.48,63.19,9.94,3.76,51,13,1.03,93.59,3
mint,22.35,70.99,6.64,5.7,47,59,1.7,54.11,3
basil,33.64,53.83,8.68,3.67,26,49,4.83,94.56,3
parsley,22.67,70.39,4.72,8.96,23,12,4.89,68.29,3
lettuce,26.07,73.79,5.66,1.15,79,17,1.1,7.57,3
rosemary,29.37,49.85,9.28,9.45,57,95,3.87,11.1,3
lettuce,27.43,85.82,4.92,6.01,64,67,2.33,55.4,3
parsley,23.72,51.91,5.55,7.57,82,69,0.54,95.68,3
rosemary,30.12,58.05,7.34,0.34,4,8,1.45,73.36,3
basil,31.73,71.68,7.2,7.99,25,55,2.9,96.8,3
parsley,22.45,54.05,4.3,3.36,12,43,3.29,65.42,3
lettuce,16.81,65.16,5.91,7.67,78,94,1.17,6.65,3
mint,21.43,65.99,5.53,0.25,32,18,3.01,73.98,3
rosemary,30.92,55.07,11.1,1.97,54,71,1.68,25.38,3
lettuce,23.0,81.48,4.13,9.51,84,33,4.37,71.18,3
parsley,19.93,68.81,5.09,6.51,95,2,2.45,40.91,3
rosemary,24.35,42.87,10.81,5.61,46,41,3.96,39.1,3
mint,27.39,72.78,4.5,1.88,64,5,1.76,15.49,3
mint,20.73,63.07,4.43,7.5,32,80,4.67,42.5,3
mint,25.62,86.13,5.17,8.57,64,75,2.52,43.51,3
mint,28.55,76.14,6.37,2.78,31,42,0.53,63.63,3
mint,27.07,69.66,6.98,0.89,16,18,4.22,83.87,3
basil,26.63,68.25,6.22,6.73,2,100,3.06,14.96,3
lettuce,22.77,80.66,6.67,9.85,12,72,1.83,86.77,3
parsley,24.42,69.57,6.01,7.11,3,83,1.59,26.89,3
parsley,21.3,62.95,7.13,5.24,66,56,1.25,71.32,3
basil,25.36,62.48,9.22,3.92,79,72,4.1,49.74,3
basil,25.97,57.63,9.01,8.15,87,18,2.55,96.41,3
basil,22.65,59.15,8.43,6.67,100,42,3.79,80.59,3
rosemary,21.93,66.96,9.64,3.97,32,45,2.63,88.42,3
lettuce,21.69,60.87,4.5,3.93,92,58,0.66,0.2,3
rosemary,20.85,61.34,9.97,8.06,69,41,1.38,41.18,3
parsley,28.17,75.92,7.28,3.14,63,38,3.51,19.84,3
rosemary,20.84,52.59,11.12,3.44,74,96,4.01,65.02,3
mint,21.43,85.69,6.11,3.48,47,65,1.95,2.94,3
mint,21.32,67.68,4.27,0.28,32,56,2.53,26.38,3
rosemary,26.17,59.7,12.03,1.67,30,60,3.85,54.28,0
rosemary,20.97,59.18,10.05,3.83,72,51,0.85,78.14,3
lettuce,26.14,84.34,7.31,0.73,87,90,4.63,7.22,3
basil,23.33,54.6,7.16,3.53,49,0,4.07,78.91,3
mint,26.2,68.54,6.25,3.01,49,52,3.66,16.92,3
rosemary,22.96,49.65,11.54,1.38,64,12,2.9,52.64,3
mint,23.19,87.34,3.82,9.45,63,67,1.55,16.7,3
lettuce,18.56,71.94,5.9,5.64,43,10,4.37,52.78,3
parsley,29.57,56.72,6.41,7.73,30,11,4.86,84.51,3
basil,27.53,76.47,8.59,2.8,22,39,3.44,10.2,3
lettuce,19.81,62.42,6.11,5.46,25,77,3.18,75.8,3
rosemary,31.03,69.81,9.43,9.03,40,87,1.7,46.92,3
lettuce,23.44,72.8,5.07,8.34,53,18,1.0,44.77,3
parsley,18.36,73.75,4.12,5.95,80,68,0.6,55.52,3
lettuce,20.54,71.3,6.11,7.95,17,37,2.19,54.75,3
mint,29.33,79.06,3.42,7.23,58,76,3.59,15.93,3
rosemary,22.72,55.5,8.83,8.61,66,0,1.65,58.89,3
mint,20.32,88.62,5.09,6.02,72,14,4.08,63.53,3
lettuce,19.48,70.76,4.77,8.08,13,44,0.63,22.47,3
lettuce,25.2,91.98,5.8,0.47,100,53,1.75,39.4,0
basil,29.25,51.77,8.47,5.03,72,40,4.05,63.0,3
mint,28.99,66.3,3.67,4.08,74,43,2.64,95.08,3
lettuce,20.1,70.7,6.19,0.08,61,20,1.91,10.42,3
lettuce,26.04,87.14,6.41,3.85,1,14,1.41,74.45,3
parsley,23.28,71.27,5.41,5.81,99,86,4.41,60.92,3
basil,34.33,67.23,8.75,4.24,48,47,4.81,50.43,3
mint,22.08,75.51,4.15,7.29,50,5,4.38,36.22,3
basil,34.66,64.82,8.81,3.87,68,61,4.55,78.59,3
lettuce,23.66,65.2,7.19,7.26,25,95,1.7,7.46,3
rosemary,26.64,42.82,7.75,1.62,21,53,0.64,92.71,3
parsley,27.89,63.85,6.67,8.18,28,96,4.67,99.68,3
parsley,24.27,69.04,7.86,6.15,6,24,0.6,87.32,3
rosemary,26.95,51.63,11.14,3.32,24,81,3.97,41.41,3
rosemary,22.66,52.84,7.89,4.95,65,92,1.98,6.98,3
parsley,26.26,59.95,6.97,0.53,99,23,0.57,45.82,3
lettuce,22.91,74.06,8.2,4.75,47,97,2.14,0.65,0
rosemary,29.37,59.21,9.61,5.61,15,4,4.24,11.16,3
rosemary,23.73,42.86,10.35,4.61,5,51,1.58,26.82,3
parsley,24.37,76.78,8.13,3.65,73,81,3.94,94.49,0
basil,28.03,66.52,5.99,3.87,20,29,3.87,45.56,0
basil,26.29,55.0,9.35,4.99,56,76,3.25,55.16,3
basil,26.09,64.96,8.35,2.36,82,22,4.49,8.76,3
rosemary,29.96,59.23,7.12,8.57,26,24,3.5,16.92,3
mint,19.46,90.92,5.29,8.8,19,86,0.89,51.54,0
basil,34.53,62.98,9.7,8.18,37,62,2.18,28.79,3
lettuce,15.85,67.98,5.32,9.14,89,9,1.33,79.67,3
lettuce,25.45,62.47,4.55,4.98,12,13,0.7,39.79,3
lettuce,26.32,89.97,4.38,4.75,4,68,1.01,3.34,3
lettuce,22.9,88.09,6.45,6.75,59,33,4.73,55.43,3
mint,19.49,74.64,4.32,8.34,8,78,3.88,15.82,3
basil,23.12,70.35,6.43,5.78,70,95,3.15,10.11,3
basil,33.84,67.56,8.04,2.34,52,69,1.29,63.83,3
lettuce,17.93,68.9,7.32,2.01,95,64,3.99,95.27,3
parsley,26.53,54.92,7.12,8.89,42,6,1.69,71.03,3
rosemary,31.74,50.1,8.03,7.69,47,61,2.37,42.18,3
mint,23.0,75.67,5.68,6.13,21,59,0.83,65.22,3
mint,21.26,73.07,6.09,8.78,41,92,2.19,68.49,3
mint,25.75,61.21,5.77,8.85,57,5,0.64,22.34,3
parsley,19.02,70.33,8.03,1.66,80,91,2.16,50.0,0
lettuce,18.73,74.61,4.2,1.48,63,34,1.44,28.53,3
basil,28.93,67.99,6.69,7.27,28,29,0.74,33.03,3
basil,24.22,69.73,9.48,7.16,50,6,0.86,55.03,3
parsley,19.8,67.99,7.11,8.99,73,13,3.74,22.78,3
rosemary,21.13,49.98,11.23,2.63,41,56,2.72,81.34,3
basil,25.56,59.15,6.8,5.16,41,12,2.41,52.79,3
parsley,19.26,81.9,6.24,5.25,27,75,1.06,5.82,0
lettuce,18.35,86.37,6.07,7.5,79,19,0.97,30.47,3
mint,26.08,69.57,4.16,1.37,35,24,3.37,17.62,3
mint,19.63,88.52,5.47,1.01,73,91,3.09,37.37,3
basil,27.87,52.05,9.1,2.57,23,52,2.81,45.57,3
mint,18.59,76.21,5.84,4.16,71,59,3.78,52.51,3
parsley,20.9,66.9,6.5,0.24,45,42,1.81,38.37,3
rosemary,27.84,68.16,9.4,3.63,28,7,4.31,4.11,3
rosemary,25.49,47.93,11.4,5.47,91,54,4.79,93.12,3
basil,33.97,73.57,9.8,8.2,66,73,4.16,38.2,3
basil,33.3,55.43,9.19,8.27,88,0,4.46,73.48,3
basil,32.03,73.67,7.71,3.82,19,47,4.02,33.06,3
basil,31.38,70.14,7.73,7.42,55,99,1.22,0.61,3
basil,23.65,66.33,7.5,3.89,84,20,3.85,66.88,3
basil,26.3,76.5,6.6,9.51,84,96,1.65,27.32,3
mint,18.71,61.57,3.83,5.48,75,79,2.82,44.03,3
basil,29.47,54.07,7.24,7.7,5,4,2.43,5.53,3
parsley,20.14,67.13,7.77,7.52,70,85,1.02,70.59,3
rosemary,25.88,65.78,11.86,2.71,89,61,1.14,14.3,3
basil,33.25,77.33,7.04,5.58,42,59,4.64,53.3,3
lettuce,25.54,87.21,4.67,0.24,54,70,3.75,77.23,3
rosemary,21.66,42.34,8.18,0.94,5,49,3.07,10.07,3
basil,30.95,70.25,6.83,7.05,55,95,3.53,15.07,3
mint,23.37,68.69,4.21,7.98,79,76,1.64,90.31,3
basil,30.52,68.27,7.9,0.17,3,88,3.85,92.99,3
mint,26.76,77.14,6.75,3.33,63,44,1.07,48.21,3
rosemary,28.85,67.0,11.09,6.51,53,54,4.23,44.04,3
lettuce,27.3,81.58,6.26,4.09,90,73,3.79,25.74,3
basil,27.6,58.38,6.55,4.09,11,5,1.3,85.2,3
lettuce,21.1,76.19,5.56,7.73,69,87,3.09,26.04,3
lettuce,24.92,66.32,5.5,2.58,24,97,1.55,45.96,3
parsley,22.94,77.81,7.62,1.22,75,72,4.39,69.87,3
lettuce,17.9,62.77,5.51,5.57,15,99,0.67,72.4,3
lettuce,20.93,72.67,6.97,4.93,90,49,3.09,71.46,3
rosemary,22.87,48.83,10.21,0.38,28,26,1.16,32.19,3
basil,25.0,62.9,6.55,3.2,97,12,4.35,56.04,3
mint,28.31,85.0,5.83,9.69,72,8,2.1,42.36,3
rosemary,23.3,64.2,10.55,8.67,46,65,4.58,70.06,3
rosemary,30.76,60.72,9.34,8.83,9,5,4.01,17.17,3
rosemary,28.06,58.26,11.35,4.09,47,100,3.7,26.76,3
basil,31.71,70.21,6.21,6.36,50,67,3.27,8.81,3
rosemary,22.61,43.39,8.99,4.75,27,35,3.45,8.51,3
parsley,21.58,71.05,5.11,6.25,17,31,2.52,6.96,3
mint,18.05,89.38,3.18,8.67,80,86,1.6,87.46,3
parsley,23.78,76.71,6.63,8.11,28,71,3.79,28.68,3
parsley,27.45,70.2,6.04,4.85,86,91,1.24,60.04,3
mint,19.87,73.94,3.97,3.46,59,3,2.56,55.51,3
mint,18.13,74.77,4.57,7.6,16,27,2.16,33.31,3
parsley,25.83,62.66,4.81,1.24,19,34,1.12,80.22,3
mint,25.07,87.65,5.87,1.61,94,73,4.76,66.01,3
lettuce,15.12,61.25,7.42,5.74,51,76,1.84,9.52,3
rosemary,28.09,57.51,9.97,7.71,31,93,0.56,64.44,3
lettuce,18.71,61.7,5.53,8.78,32,10,3.38,25.39,3
lettuce,23.84,63.28,7.05,4.96,72,27,2.43,73.78,3
mint,29.85,84.55,6.28,9.57,97,4,2.29,87.82,3
basil,34.25,52.14,9.54,9.45,34,46,4.78,2.71,3
rosemary,20.44,52.49,7.3,6.26,96,77,4.23,67.32,3
mint,29.9,91.63,3.68,1.82,94,93,3.18,24.93,0
mint,27.64,87.52,3.1,0.65,63,55,3.94,42.65,3
mint,26.93,68.71,6.69,4.17,64,37,1.65,86.1,3
rosemary,31.79,41.6,10.18,3.18,73,88,3.88,9.42,3
rosemary,27.46,38.91,7.79,8.06,49,16,3.89,17.89,0
mint,25.77,71.02,5.14,7.39,86,25,1.94,12.02,3
mint,26.91,78.33,4.69,1.38,91,79,1.29,7.33,3
lettuce,15.2,71.5,5.06,1.03,17,47,2.77,71.85,3
basil,27.58,54.84,7.61,1.36,20,4,4.45,18.67,3
mint,27.91,82.43,3.25,2.54,47,11,1.31,34.33,3
parsley,18.45,54.85,5.23,0.8,35,22,3.14,63.36,3
basil,34.29,72.83,6.7,7.02,44,22,3.43,68.02,3
basil,32.94,61.58,7.65,5.28,75,88,1.62,14.94,3
parsley,25.48,56.84,5.55,0.55,92,23,2.91,16.87,3
parsley,18.51,78.2,4.71,5.67,39,36,4.12,51.47,3
parsley,25.7,78.36,6.82,6.07,86,15,2.36,94.39,3
rosemary,20.26,42.6,8.45,2.74,25,86,0.58,19.13,3
lettuce,22.14,78.05,6.76,5.53,29,55,2.62,75.17,3
lettuce,15.94,90.87,5.33,8.82,38,26,1.75,55.63,0
lettuce,22.53,77.71,6.1,3.75,43,7,2.44,46.76,3
parsley,27.07,63.12,4.47,8.35,26,88,4.47,28.46,3
mint,24.11,62.38,4.03,6.55,36,92,4.01,74.16,3
basil,33.58,61.23,8.05,5.52,27,66,1.61,36.24,3
lettuce,19.99,69.66,6.59,3.34,53,21,3.57,81.33,3
mint,25.93,58.99,3.81,6.26,74,63,2.11,51.28,0
basil,34.16,64.04,8.29,8.97,36,82,1.57,20.9,3
lettuce,27.48,76.57,4.88,7.82,87,66,2.31,79.7,3
basil,33.15,74.86,7.24,0.06,83,48,0.8,5.99,3
mint,23.16,59.42,3.64,0.78,76,2,4.69,31.71,0
parsley,28.89,60.84,5.16,4.92,98,51,4.1,77.83,3
basil,34.02,56.24,9.84,0.79,45,81,4.18,18.77,3
parsley,29.55,60.7,6.68,4.48,64,89,1.49,66.75,3
basil,29.22,49.57,6.52,0.27,12,93,2.03,24.07,0
basil,27.36,64.22,7.33,0.75,64,48,1.89,48.71,3
basil,31.1,78.03,8.09,4.48,57,22,4.89,32.24,3
mint,27.23,62.73,4.18,7.15,89,58,4.84,19.11,3
mint,24.76,64.79,5.72,3.46,32,62,4.04,76.44,3
basil,32.77,62.4,8.34,0.12,71,63,2.75,16.68,3
lettuce,27.46,81.56,5.85,9.97,94,24,1.39,89.7,3
rosemary,28.13,46.31,7.0,6.42,84,24,3.82,14.88,3
lettuce,17.97,71.72,6.21,1.54,63,63,3.06,74.65,3
lettuce,27.19,84.9,5.12,4.64,24,53,4.52,95.38,3
basil,25.16,51.9,6.82,8.33,68,12,4.74,71.32,3
basil,29.76,72.99,8.46,6.31,43,50,2.74,36.4,3
basil,33.77,67.3,8.08,0.55,63,22,3.25,61.65,3
mint,26.32,65.67,4.3,5.69,15,30,3.04,3.06,3
parsley,18.16,62.2,7.71,9.76,53,62,1.99,44.78,3
basil,22.74,58.12,7.15,9.96,96,33,2.85,37.25,3
lettuce,19.92,67.03,5.44,3.06,3,25,2.69,38.11,3
rosemary,20.33,40.41,9.91,1.74,81,0,3.46,16.83,3
parsley,27.9,60.19,6.8,4.38,57,41,1.97,63.74,3
mint,21.32,61.25,3.87,4.02,15,1,1.16,96.58,3
basil,29.99,70.02,9.97,9.11,25,47,2.81,39.68,3
mint,21.3,68.47,3.78,0.08,36,46,3.64,10.53,3
rosemary,28.35,61.89,9.82,1.94,18,37,2.29,53.67,3
lettuce,15.85,80.08,5.29,2.74,4,99,3.65,47.69,3
rosemary,27.28,55.21,8.96,1.92,7,100,2.66,52.12,3
mint,24.76,80.55,4.92,7.82,37,0,1.71,10.43,3
lettuce,17.79,60.83,6.02,4.14,74,97,2.42,64.32,3
parsley,21.33,55.99,5.63,9.0,78,89,3.89,2.29,3
parsley,20.71,54.12,5.8,8.7,48,79,3.82,90.4,3
rosemary,28.66,45.6,9.82,7.75,40,88,4.25,8.93,3
rosemary,30.85,48.15,10.73,0.91,62,51,0.68,86.4,3
parsley,18.98,62.11,6.41,4.62,72,50,3.59,60.29,3
parsley,19.12,57.74,7.5,5.4,27,33,2.65,40.56,3
mint,19.07,71.84,4.45,2.95,11,46,2.78,48.31,3
lettuce,16.6,72.08,4.2,7.44,14,54,1.37,38.17,3
parsley,27.3,57.87,4.36,4.35,66,29,2.69,46.14,3
mint,22.41,63.15,4.19,5.33,26,32,0.75,66.61,3
rosemary,25.79,62.2,6.96,7.58,97,2,0.69,5.12,0
lettuce,26.68,68.69,5.95,0.91,79,65,3.88,72.89,3
basil,33.36,63.52,9.81,4.53,32,51,3.36,25.84,3
lettuce,18.24,78.21,7.27,1.42,35,0,3.24,51.06,3
parsley,24.56,76.22,5.85,7.88,9,30,3.25,30.27,3
basil,31.64,56.98,7.08,3.1,69,76,4.32,7.37,3
parsley,21.85,63.29,4.84,8.8,81,80,4.21,29.3,3
parsley,20.35,55.6,7.32,1.79,38,75,4.39,18.17,3
lettuce,21.7,66.62,6.99,0.03,45,64,0.87,75.41,3
basil,29.2,74.61,8.76,8.62,34,50,0.62,67.94,3
basil,31.09,65.37,10.25,0.57,90,18,3.25,74.73,0
lettuce,21.25,77.71,6.62,6.42,30,46,0.53,93.29,3
parsley,29.01,62.34,4.2,6.53,71,74,1.21,27.72,3
mint,23.8,75.2,3.34,2.88,84,24,1.12,88.11,3
lettuce,26.54,64.69,5.63,3.34,9,27,2.67,70.51,3
parsley,18.79,71.26,5.63,0.15,89,7,3.48,20.45,3
lettuce,18.04,66.8,7.38,2.35,15,87,2.16,24.26,3
parsley,24.67,55.96,7.74,0.6,69,27,1.2,96.96,3
mint,23.88,75.17,5.56,2.02,98,30,4.91,45.83,3
parsley,23.41,71.07,4.87,9.03,20,63,4.34,63.15,3
parsley,28.89,75.3,4.81,5.62,44,95,4.27,73.56,3
rosemary,22.12,71.39,7.32,5.62,85,5,4.9,57.81,0
basil,27.91,54.48,7.97,4.63,3,8,3.11,75.44,3
lettuce,22.18,72.66,4.77,6.61,46,84,1.46,47.98,3
basil,33.51,53.88,8.73,1.81,39,36,0.64,28.74,3
basil,26.79,67.32,9.4,8.41,7,94,0.74,25.97,3
basil,33.8,49.77,10.15,7.17,86,15,1.09,91.73,0
mint,18.73,84.55,3.25,5.09,16,6,3.87,87.51,3
rosemary,25.69,49.01,10.36,2.52,34,84,4.83,70.35,3
mint,23.99,67.21,4.91,0.99,43,77,2.5,46.12,3
parsley,19.13,52.41,4.5,6.77,44,75,4.8,81.96,3
mint,20.48,85.26,3.46,6.51,22,74,1.17,48.58,3
mint,19.39,93.19,7.01,3.9,70,18,4.03,45.17,0
basil,29.95,57.87,7.79,5.86,7,26,2.26,26.96,3
parsley,20.74,65.81,4.45,3.82,89,32,4.52,61.43,3
lettuce,24.35,62.14,6.72,5.86,2,13,0.99,43.47,3
lettuce,24.16,75.61,4.64,6.41,96,45,1.98,99.82,3
parsley,25.24,74.36,8.15,4.76,49,96,4.14,28.99,0
mint,23.41,91.2,4.33,8.11,66,48,3.1,51.11,0
rosemary,26.38,47.7,10.15,2.39,9,78,2.74,56.32,3
rosemary,26.67,45.7,7.35,1.75,54,16,4.8,22.24,3
basil,33.3,54.15,8.31,3.78,45,29,2.8,5.98,3
mint,20.75,77.95,4.88,2.92,64,8,3.41,41.34,3
parsley,18.32,59.4,6.9,5.47,92,66,3.42,80.54,3
basil,25.12,71.56,8.76,7.6,53,84,0.98,67.65,3
parsley,18.57,67.29,6.67,7.16,28,95,3.4,50.19,3
lettuce,26.03,64.52,5.2,0.63,90,41,4.98,48.6,3
rosemary,21.99,54.1,9.84,1.11,6,91,1.6,90.49,3
lettuce,21.58,64.72,5.19,0.42,57,75,2.24,44.65,3
lettuce,17.35,77.27,6.49,3.27,98,81,1.17,98.08,3
rosemary,20.74,68.25,8.34,9.98,96,94,4.15,48.41,3
rosemary,25.15,42.52,10.82,2.46,81,73,4.22,48.37,3
basil,25.28,57.93,7.99,6.23,11,84,2.47,54.93,3
rosemary,23.34,45.42,11.32,0.58,37,89,4.62,63.52,3
lettuce,25.46,73.12,6.77,2.68,50,84,4.53,96.56,3
basil,25.57,78.71,7.1,7.48,7,63,1.23,87.77,3
rosemary,28.69,47.69,9.17,1.17,85,1,3.62,46.71,3
basil,33.41,54.72,7.43,4.71,43,36,4.51,74.02,3
lettuce,21.06,80.24,6.38,0.27,45,47,3.14,72.54,3
mint,18.94,66.45,6.44,8.89,7,73,0.67,70.76,3
parsley,27.91,53.77,5.25,1.62,11,20,0.54,90.71,3
basil,26.34,56.51,9.87,9.6,86,100,3.88,66.56,3
basil,29.72,70.01,5.75,0.97,63,50,1.2,17.88,0
rosemary,28.77,53.43,7.74,0.47,4,51,3.51,11.57,3
lettuce,19.74,75.15,5.72,4.18,25,63,1.07,92.32,3
mint,25.03,76.49,3.63,7.18,0,65,4.1,68.19,3
parsley,18.82,57.04,5.17,3.82,95,36,0.87,22.32,3
parsley,26.2,62.37,6.97,7.69,94,22,2.77,61.98,3
basil,32.83,68.53,7.05,1.79,37,34,0.75,93.45,3
basil,28.92,66.58,8.37,3.33,9,37,1.1,34.27,3
parsley,22.14,77.08,6.56,9.63,47,67,1.74,61.45,3
rosemary,26.87,69.06,7.84,4.86,26,91,1.48,10.0,3
mint,28.15,91.79,3.81,9.42,51,29,3.28,88.87,0
rosemary,24.05,50.78,11.08,1.29,13,63,3.97,15.98,3
rosemary,25.18,44.6,10.42,0.0,25,1,1.39,32.51,3
parsley,23.32,60.46,5.35,9.21,71,84,0.66,6.83,3
parsley,18.19,66.28,6.9,2.89,5,39,1.17,20.24,3
lettuce,27.77,74.71,6.52,6.1,18,52,4.44,88.36,3
mint,25.49,60.89,4.99,3.85,99,0,1.54,31.85,3
rosemary,31.37,46.8,8.62,3.55,59,95,1.05,58.02,3
lettuce,17.16,67.9,6.26,8.61,2,98,2.12,44.93,3
basil,34.26,68.78,8.19,7.56,48,78,4.54,2.48,3
basil,23.32,56.59,7.49,1.71,45,64,3.75,40.67,3
basil,33.87,69.16,7.64,3.74,64,4,3.04,97.7,3
lettuce,15.38,70.49,5.65,8.02,3,61,4.72,90.69,3
lettuce,20.78,68.11,7.65,3.65,44,9,1.99,52.41,3
lettuce,23.77,64.86,5.04,6.16,98,98,4.23,46.73,3
mint,27.96,63.76,6.84,5.7,41,59,3.88,28.83,3
lettuce,15.62,83.94,5.74,5.19,75,35,2.95,35.65,3
mint,19.16,67.23,4.7,2.53,71,28,2.61,62.04,3
lettuce,20.2,81.7,6.32,3.74,77,45,4.84,99.67,3
rosemary,23.19,43.62,9.99,8.52,40,24,4.62,80.92,3
mint,27.67,61.14,5.76,6.62,25,65,3.51,87.29,3
mint,22.57,74.52,4.31,8.52,46,86,2.75,1.41,3
mint,26.97,86.24,6.74,7.29,88,61,1.57,10.22,3
mint,25.95,68.37,3.77,6.81,13,50,3.82,54.35,3
mint,21.74,80.11,3.94,6.7,21,56,2.18,80.22,3
mint,27.33,71.7,4.55,7.97,34,14,1.77,96.94,3
basil,30.44,63.52,8.1,6.29,67,25,1.1,25.09,3
basil,22.39,74.57,9.92,2.41,18,15,1.89,43.35,3
lettuce,16.67,74.98,5.8,6.64,78,79,4.09,29.74,3
basil,24.51,59.81,8.99,6.18,2,5,1.02,15.65,3
parsley,29.13,57.83,5.44,5.67,56,12,3.31,81.72,3
mint,27.81,73.06,6.97,2.0,74,74,3.47,15.99,3
mint,24.13,74.24,4.57,8.75,90,41,3.86,25.33,3
mint,23.32,76.91,3.47,1.99,3,61,1.32,40.28,3
rosemary,20.18,44.32,10.86,5.45,59,10,4.96,44.24,3
basil,22.09,66.91,7.29,3.15,44,31,2.42,4.55,3
rosemary,29.49,47.88,7.11,5.87,62,65,0.76,42.18,3
mint,19.1,66.9,6.8,8.25,15,19,1.32,65.07,3
lettuce,17.97,78.8,6.85,0.16,45,13,2.12,61.01,3
basil,32.13,67.06,9.9,9.51,45,79,2.68,91.24,3
basil,24.29,53.91,6.79,9.88,19,50,1.38,86.88,3
lettuce,20.69,60.06,6.51,7.36,1,63,4.66,86.02,3
basil,24.38,48.12,9.01,1.88,25,54,3.85,46.14,0
basil,26.71,56.17,7.0,4.32,49,46,2.64,65.32,3
mint,20.14,70.37,5.87,3.66,59,70,1.41,92.65,3
mint,29.76,63.26,3.77,2.88,79,12,3.54,21.77,3
basil,29.41,50.86,6.41,5.13,50,94,1.35,21.83,3
mint,23.92,64.97,6.79,0.76,1,88,4.92,25.28,3
mint,21.97,91.39,4.24,0.97,51,34,3.4,11.43,0
basil,33.77,64.0,9.72,3.64,54,5,3.39,84.2,3
basil,25.98,73.31,9.07,7.09,17,49,3.26,82.15,3
lettuce,23.13,70.41,5.03,5.3,26,85,1.46,70.02,3
parsley,23.28,64.48,7.58,5.53,21,58,4.6,52.16,3
basil,28.33,59.64,10.01,2.32,61,85,4.16,63.25,0
parsley,19.08,81.78,5.05,6.61,84,86,1.72,55.51,0
rosemary,31.48,54.32,12.38,5.47,43,77,1.4,81.54,0
lettuce,22.18,80.89,5.89,5.19,31,63,0.61,11.36,3
parsley,19.35,74.49,7.37,0.05,35,87,1.29,99.55,3
basil,32.85,74.61,7.19,9.04,84,21,0.67,21.21,3
parsley,27.15,72.13,6.88,8.45,84,17,0.58,13.29,3
mint,23.21,66.62,6.41,8.71,42,19,0.89,27.94,3
basil,34.52,83.19,9.38,2.5,22,66,4.2,18.64,0
lettuce,17.44,68.33,6.7,1.5,89,56,3.83,70.31,3
rosemary,22.04,53.91,10.54,4.39,39,11,3.25,10.64,3
lettuce,24.93,68.99,7.31,9.6,100,95,1.18,82.94,3
parsley,28.97,52.54,7.51,4.05,59,3,1.82,69.12,3
mint,25.73,76.93,5.33,8.22,26,7,3.64,78.59,3
lettuce,23.79,77.7,6.78,1.78,19,20,2.93,66.92,3
basil,31.62,58.5,8.77,2.52,70,9,1.0,39.36,3
parsley,29.02,54.18,7.15,4.25,54,8,1.02,58.71,3
mint,24.46,92.11,3.25,6.46,87,44,2.09,46.49,0
lettuce,24.47,74.21,4.72,1.47,44,72,0.7,16.51,3
rosemary,25.75,52.88,7.48,7.84,63,40,4.29,89.92,3
parsley,25.17,65.82,7.36,9.04,9,33,2.78,94.86,3
parsley,24.93,61.32,6.86,4.68,94,77,1.89,42.64,3
mint,24.02,81.62,5.74,7.03,97,9,4.98,78.88,3
rosemary,31.2,42.85,7.51,4.47,45,38,3.82,61.59,3
lettuce,15.05,83.1,5.21,9.11,4,41,1.74,99.67,3
rosemary,26.24,66.64,11.3,7.58,32,3,0.81,38.76,3
parsley,18.17,54.89,4.8,4.55,66,79,1.44,12.16,3
lettuce,16.27,75.57,4.6,1.13,28,8,3.85,20.18,3
rosemary,22.6,41.7,7.87,7.75,36,35,4.49,35.39,3
rosemary,29.71,41.27,11.4,9.74,55,14,3.16,16.69,3
basil,34.87,68.12,8.35,1.41,16,70,0.59,21.43,3
lettuce,20.42,65.87,5.43,0.37,97,64,3.66,8.58,3
parsley,25.97,71.82,7.59,6.53,0,14,4.7,50.11,3
lettuce,16.3,80.58,6.02,7.68,78,9,2.02,69.75,3
mint,26.64,76.87,3.36,0.63,31,34,1.01,9.02,3
rosemary,31.63,48.36,7.71,8.49,7,57,3.68,99.27,3
basil,28.23,72.09,6.86,1.59,93,57,4.64,30.0,3
mint,25.64,71.46,6.8,4.24,62,27,1.61,96.32,3
basil,33.9,68.15,7.15,9.4,27,59,0.59,88.79,3
lettuce,18.52,69.21,4.16,4.94,64,48,3.94,4.86,3
rosemary,28.2,48.11,11.91,1.76,74,88,1.67,22.18,3
basil,27.63,55.5,8.69,8.46,93,83,1.61,60.32,3
basil,31.38,70.3,6.53,5.9,38,79,3.52,3.4,3
mint,26.4,71.86,3.75,7.74,25,31,2.35,95.01,3
lettuce,17.21,82.36,6.26,9.44,62,99,2.89,35.91,3
lettuce,18.92,66.13,4.1,6.11,27,1,0.63,9.07,3
mint,19.27,85.79,5.99,3.58,18,26,2.44,85.89,3
parsley,29.9,52.54,6.81,0.69,7,3,0.51,76.69,3
mint,27.75,61.12,5.12,3.17,13,66,2.88,24.96,3
parsley,22.59,71.58,4.83,2.46,64,20,2.51,51.3,3
lettuce,19.71,72.32,5.32,4.42,35,20,3.35,94.59,3
mint,19.0,85.97,4.69,3.22,28,8,2.05,53.56,3
mint,26.23,84.41,4.57,8.53,29,90,3.96,33.5,3
rosemary,31.28,65.86,11.31,1.03,13,55,3.24,78.65,3
rosemary,22.73,51.21,12.22,6.34,3,70,4.44,90.43,0
basil,34.9,58.15,6.9,4.17,73,25,3.55,8.82,3
lettuce,20.2,90.35,6.7,1.17,3,31,0.54,36.54,0
mint,29.26,87.13,5.99,7.51,27,10,3.08,3.68,3
basil,33.57,54.0,8.43,6.8,37,94,2.72,8.87,3
basil,32.34,65.56,6.6,1.37,86,62,1.09,80.35,3
mint,28.75,61.32,6.38,6.98,33,34,0.81,5.02,3
mint,20.92,68.56,6.01,2.55,74,34,0.76,44.28,3
mint,18.02,64.41,3.15,3.97,87,59,2.0,13.93,3
mint,22.23,85.1,5.37,0.95,12,65,3.16,56.25,3
parsley,29.01,78.64,6.15,1.16,74,55,3.1,85.7,3
basil,25.19,49.64,7.42,5.55,41,49,3.26,48.36,0
parsley,26.45,67.85,7.81,2.87,82,27,2.53,70.95,3
rosemary,25.3,70.49,6.81,2.35,5,78,3.73,67.41,0
basil,23.59,70.8,8.53,9.05,16,81,3.72,8.58,3
lettuce,19.09,61.0,6.83,8.85,82,31,2.11,16.23,3
parsley,22.74,79.34,5.02,9.18,65,69,3.16,15.38,3
parsley,20.4,73.68,6.61,2.68,96,100,4.81,88.51,3
lettuce,24.43,86.55,6.11,9.2,65,25,1.09,0.56,3
basil,31.67,55.26,6.66,1.23,29,40,4.17,64.71,3
lettuce,26.92,58.82,5.5,1.07,18,41,3.28,87.0,0
parsley,22.93,57.48,7.86,2.97,61,81,3.18,51.67,3
basil,26.05,56.18,8.39,4.36,34,36,2.72,73.84,3
parsley,24.82,76.23,6.77,8.71,83,48,1.95,62.01,3
parsley,21.64,55.31,4.55,7.4,39,25,0.92,8.21,3
parsley,26.46,73.64,4.47,3.49,47,21,0.99,73.53,3
lettuce,24.05,81.79,4.19,0.31,45,65,3.17,5.56,3
basil,28.28,64.45,9.62,1.33,45,64,3.1,34.67,3
lettuce,21.34,90.64,4.42,6.28,89,39,2.96,9.84,0
basil,28.77,78.54,7.93,1.91,34,75,1.66,51.18,3
mint,23.07,79.62,3.7,9.04,40,70,2.18,82.77,3
basil,27.25,61.52,7.02,2.33,21,33,3.13,99.26,3
lettuce,26.62,82.79,7.36,9.58,9,96,3.53,11.75,3
basil,33.09,78.61,5.81,9.22,77,3,3.95,40.99,0
rosemary,22.12,49.37,9.95,5.27,80,92,1.41,21.48,3
parsley,23.7,56.26,4.59,7.66,60,78,0.84,78.63,3
mint,25.74,73.38,6.26,5.45,4,60,4.24,73.76,3
basil,27.05,76.84,7.95,5.84,29,72,0.93,17.1,3
basil,28.82,66.62,9.77,7.73,38,74,4.04,68.14,3
mint,27.09,85.16,4.9,6.02,28,62,2.7,93.32,3
mint,21.05,65.45,7.06,3.48,91,57,2.26,21.07,0
parsley,28.88,63.48,4.68,4.82,71,44,3.57,9.29,3
rosemary,24.52,43.34,10.42,5.44,30,0,2.22,37.58,3
rosemary,26.22,65.88,11.53,7.52,99,44,3.19,2.02,3
parsley,21.58,63.39,5.47,5.02,65,62,0.78,15.19,3
lettuce,15.86,89.48,7.59,8.48,14,67,0.67,6.67,3
parsley,27.04,52.39,5.42,0.3,52,49,1.83,57.96,3
rosemary,27.66,44.82,9.14,0.08,2,24,2.9,30.49,3
rosemary,20.21,58.2,11.06,9.45,57,96,1.17,20.14,3
lettuce,20.62,68.05,6.4,7.59,25,58,2.84,82.01,3
parsley,22.44,54.63,8.2,7.58,1,82,4.05,13.82,0
lettuce,24.06,65.27,4.65,1.28,63,98,3.46,54.86,3
basil,30.97,54.75,8.97,6.69,56,28,4.07,27.02,3
mint,23.64,77.36,3.14,4.0,49,80,4.81,5.31,3
basil,25.62,65.1,7.42,3.33,72,52,3.38,6.48,3
rosemary,26.37,73.43,11.0,3.9,94,49,2.65,22.85,0
mint,24.93,81.1,4.69,8.57,56,0,1.0,17.87,3
lettuce,25.73,68.7,6.94,5.32,53,31,3.19,28.0,3
mint,24.9,83.25,4.34,2.63,50,98,1.89,10.06,3
rosemary,27.98,52.41,7.17,7.45,40,97,3.16,64.44,3
lettuce,16.58,66.43,7.67,6.14,48,60,4.57,88.75,3
mint,24.57,69.49,3.62,7.71,66,75,1.18,8.62,3
parsley,25.34,62.97,6.28,6.23,86,44,0.92,72.98,3
parsley,21.18,65.19,5.93,7.27,91,98,3.55,12.79,3
mint,29.35,65.14,3.7,3.11,64,84,1.51,3.09,3
mint,19.34,68.81,3.86,1.96,23,34,0.6,74.47,3
parsley,21.04,56.38,7.06,7.65,45,39,1.52,84.77,3
lettuce,18.06,87.94,6.79,1.46,35,10,0.52,56.58,3
parsley,18.56,53.7,4.1,7.08,53,63,3.51,8.85,3
rosemary,30.63,41.04,10.77,6.87,92,79,2.73,70.6,3
basil,28.03,52.45,8.11,5.11,4,44,3.11,7.19,3
basil,28.43,73.12,7.89,9.41,73,22,4.37,5.64,3
parsley,26.2,61.64,6.13,1.65,81,87,2.35,33.38,3
rosemary,30.38,59.88,9.22,2.68,60,15,4.69,92.09,3
rosemary,31.29,63.42,10.58,6.38,91,4,2.97,3.15,3
mint,27.71,75.8,4.93,6.13,52,20,3.77,8.0,3
rosemary,29.63,67.43,7.71,0.2,2,27,1.77,44.95,3
mint,27.62,65.32,4.38,7.54,49,46,3.22,81.23,3
basil,30.84,80.35,7.51,4.33,61,18,3.05,65.8,0
parsley,23.26,63.5,6.87,9.32,80,44,1.89,2.28,3
rosemary,27.49,56.9,7.43,8.64,12,48,3.34,53.11,3
rosemary,22.94,41.18,11.14,2.03,61,52,2.59,18.26,3
basil,26.86,52.85,8.17,3.98,54,38,1.93,53.33,3
rosemary,23.92,57.81,7.07,9.35,83,22,3.85,38.86,3
lettuce,23.23,92.53,5.18,8.38,11,26,2.12,96.73,0
rosemary,27.27,57.84,9.35,4.26,36,22,2.8,45.98,3
rosemary,27.03,70.55,10.67,8.51,9,94,3.29,41.62,0
basil,30.36,54.15,9.88,7.11,7,57,4.14,39.04,3
basil,27.34,59.91,8.34,5.81,90,47,2.08,35.08,3
mint,29.34,68.52,6.96,4.95,78,38,4.94,90.69,3
parsley,24.13,66.01,7.41,5.43,24,8,0.59,99.61,3
basil,28.98,58.12,6.46,3.13,81,92,0.53,33.61,3
lettuce,19.31,62.23,6.84,9.69,94,90,0.53,20.51,3
basil,22.8,68.52,8.22,2.34,52,69,1.49,99.97,3
rosemary,23.59,54.27,9.88,5.49,13,19,2.73,69.46,3
basil,31.11,71.14,6.96,9.17,73,18,3.45,81.73,3
lettuce,21.26,91.29,7.34,6.57,44,67,4.61,4.49,0
lettuce,22.46,59.86,6.54,7.39,45,100,0.6,7.49,0
lettuce,18.25,66.32,4.96,2.45,46,14,1.21,21.28,3
parsley,21.52,54.71,3.99,6.54,90,17,1.42,43.59,0
mint,23.34,90.82,6.83,8.11,60,9,1.28,91.41,0
mint,21.77,64.24,4.0,9.29,37,55,2.27,19.05,3
parsley,23.94,79.67,4.08,7.84,25,69,0.89,48.6,3
lettuce,24.45,61.39,6.32,5.56,13,36,1.92,8.88,3
parsley,23.36,63.85,5.63,0.88,74,3,4.91,76.38,3
parsley,25.69,73.22,7.58,8.55,13,20,4.69,6.1,3
parsley,24.45,65.19,6.94,5.6,32,5,4.58,3.12,3
rosemary,22.45,48.61,7.46,8.55,96,53,4.54,43.15,3
lettuce,24.93,61.66,7.05,1.28,27,24,2.25,28.99,3
rosemary,24.98,62.02,11.37,4.56,51,97,2.01,24.04,3
parsley,26.11,71.81,4.4,3.31,31,88,3.81,63.04,3
parsley,24.88,64.75,8.04,4.57,81,23,4.59,6.66,0
parsley,24.21,49.59,5.34,7.75,85,7,1.84,80.34,0
mint,26.49,74.04,4.8,9.56,16,13,3.94,25.87,3
parsley,23.82,78.08,5.02,9.43,76,35,3.93,52.41,3
basil,33.27,53.02,6.28,1.11,55,83,2.97,4.99,3
basil,32.92,65.73,6.69,6.03,5,49,1.66,54.52,3
mint,23.29,62.32,5.52,9.33,78,3,4.35,45.9,3
mint,18.32,77.8,3.46,7.03,86,87,2.38,73.64,3
basil,25.61,69.22,6.35,1.02,86,56,1.36,8.17,3
mint,26.59,86.37,4.83,3.57,19,97,2.22,91.46,3
parsley,22.31,64.16,4.59,1.86,18,94,1.21,88.64,3
rosemary,30.98,69.58,9.79,1.17,21,66,2.73,55.18,3
mint,29.15,63.16,4.01,7.32,31,89,2.74,87.91,3
rosemary,20.77,52.29,7.6,6.87,82,73,4.12,12.73,3
mint,29.17,68.3,3.3,2.27,23,19,1.32,96.95,3
mint,24.03,82.4,4.54,7.17,90,38,4.95,86.54,3
lettuce,26.36,81.55,6.33,4.53,49,1,2.47,4.68,3
lettuce,28.0,62.24,5.07,2.42,78,61,2.27,73.08,3
lettuce,15.78,69.89,5.39,3.53,46,20,2.08,78.93,3
lettuce,25.57,79.59,6.17,3.75,73,47,2.28,53.21,3
parsley,28.96,58.26,4.22,7.02,28,1,2.22,16.7,3
parsley,21.66,79.38,4.25,4.65,19,6,2.94,86.64,3
mint,23.68,87.96,4.65,4.44,45,33,2.19,33.77,3
lettuce,19.84,78.4,7.37,1.33,69,27,1.72,79.76,3
parsley,18.44,73.46,7.08,4.17,50,76,4.04,15.03,3
parsley,22.84,83.07,7.28,3.1,89,92,2.43,23.37,0
rosemary,21.95,55.21,8.31,1.5,56,6,0.89,47.32,3
lettuce,23.33,59.89,6.4,1.14,54,35,1.64,89.32,0
lettuce,27.09,78.02,4.76,0.71,56,0,1.22,38.51,3
parsley,27.3,68.51,5.45,5.83,19,91,4.82,57.89,3
mint,26.42,82.82,3.33,7.76,9,3,0.79,87.57,3
parsley,26.05,69.09,5.17,8.13,8,0,4.33,8.04,3
rosemary,30.67,64.88,7.67,3.39,41,83,2.05,23.51,3
mint,18.87,73.86,3.09,1.07,66,6,1.63,54.61,3
lettuce,18.06,67.03,5.83,4.99,85,31,3.71,91.43,3
rosemary,29.55,65.26,11.46,8.71,100,36,2.12,13.96,3
mint,25.39,64.47,4.65,2.15,58,36,4.13,46.11,3
parsley,27.19,72.32,7.28,2.87,41,75,2.35,23.27,3
parsley,23.83,59.03,7.29,1.06,33,36,0.78,70.69,3
parsley,24.18,75.18,5.95,4.13,93,23,3.41,7.74,3
parsley,21.74,50.61,6.9,5.21,93,39,0.92,44.76,3
lettuce,24.05,84.3,6.3,6.3,61,100,3.57,23.21,3
basil,30.13,69.31,9.07,4.44,31,36,1.24,44.75,3
lettuce,15.54,73.56,7.75,8.88,6,47,3.02,62.41,3
basil,26.85,70.58,7.08,9.48,64,83,2.16,36.55,3
parsley,28.55,78.67,6.24,3.83,85,100,1.87,70.72,3
lettuce,26.28,71.87,7.49,0.17,88,33,3.57,60.8,3
basil,32.66,55.66,9.91,0.17,76,93,4.68,38.11,3
lettuce,18.57,82.64,7.27,4.63,17,53,4.9,10.74,3
mint,28.82,74.01,4.61,7.63,34,84,1.68,6.41,3
lettuce,27.86,71.6,8.2,9.35,76,37,4.55,6.54,0
lettuce,17.19,77.21,4.92,2.55,79,6,2.02,6.28,3
mint,25.68,67.67,3.49,5.45,11,26,4.97,31.42,3
mint,22.4,68.96,6.85,9.13,36,83,4.56,25.99,3
parsley,18.06,70.94,7.11,6.71,96,49,3.95,7.1,3
mint,19.7,63.51,4.68,2.94,51,45,4.71,98.39,3
rosemary,28.46,51.95,7.47,6.16,11,13,3.88,69.07,3
mint,22.03,62.16,5.21,6.86,11,64,4.37,7.93,3
parsley,24.98,60.22,5.38,5.1,3,77,1.94,6.91,3
parsley,22.34,74.51,5.16,2.89,54,87,1.76,5.42,3
lettuce,23.68,85.08,4.56,7.88,83,0,3.91,26.48,3
rosemary,21.79,60.94,7.19,2.72,63,1,1.02,65.15,3
rosemary,22.09,66.55,8.1,2.53,84,85,4.99,34.23,3
rosemary,27.37,62.31,8.4,4.72,41,78,4.97,68.87,3
mint,19.63,87.81,4.63,2.43,86,45,1.18,90.78,3
lettuce,25.77,60.29,7.36,6.67,14,30,3.2,92.25,3
parsley,26.57,66.45,4.49,1.67,47,64,2.57,77.22,3
basil,27.04,58.08,7.27,3.75,62,28,1.13,25.28,3
rosemary,26.7,57.94,7.45,6.51,43,51,1.33,31.4,3
mint,28.46,73.38,6.27,0.53,76,14,2.94,17.95,3
mint,21.37,72.3,5.29,4.9,34,84,2.02,28.51,3
rosemary,26.62,47.98,9.69,8.52,86,0,3.94,14.33,3
parsley,20.62,72.43,7.57,1.56,51,61,0.51,76.31,3
lettuce,20.62,79.17,4.95,2.6,91,8,0.79,93.64,3
mint,26.55,65.86,4.83,8.4,34,49,1.59,79.48,3
rosemary,25.93,68.52,9.0,3.65,72,71,4.17,75.26,3
basil,28.68,57.59,7.81,9.32,17,66,0.62,41.94,3
lettuce,27.45,70.71,7.83,9.36,66,43,3.08,78.23,3
parsley,23.76,75.74,4.21,0.42,7,59,4.96,18.85,3
parsley,26.07,52.64,5.11,9.86,53,71,3.24,42.45,3
mint,25.06,73.11,4.14,1.74,100,28,4.29,80.71,3
lettuce,20.36,65.56,5.55,5.1,50,79,3.25,70.31,3
mint,26.56,88.06,4.57,5.77,58,80,4.85,1.1,3
parsley,18.41,74.69,6.41,8.27,67,100,2.36,77.21,3
basil,32.41,56.72,8.49,8.61,71,41,1.24,99.43,3
mint,20.61,76.67,4.49,0.31,23,34,4.14,55.88,3
parsley,19.75,72.37,6.73,3.73,57,90,2.93,35.19,3
mint,25.3,87.04,7.13,9.03,6,24,0.66,22.63,0
basil,30.07,61.9,9.53,7.38,57,59,3.67,46.23,3
lettuce,25.02,69.5,5.37,4.13,74,15,1.33,72.94,3
parsley,21.47,61.91,7.2,9.44,72,15,1.47,14.48,3
parsley,28.58,76.52,7.31,1.13,95,79,2.18,0.76,3
mint,27.25,76.15,3.2,1.04,20,57,3.43,81.14,3
rosemary,23.16,40.38,10.27,9.5,1,1,3.75,87.12,3
basil,32.95,60.78,7.73,3.58,71,37,4.02,94.18,3
basil,30.05,50.07,6.54,0.75,7,72,2.23,22.62,3
parsley,22.37,53.9,4.83,8.77,45,31,3.06,26.98,3
lettuce,17.0,79.4,7.77,9.15,96,46,1.12,67.41,3
rosemary,21.2,64.33,11.85,2.63,14,1,2.17,15.44,3
basil,29.19,78.67,9.52,1.09,30,96,3.02,50.89,3
lettuce,21.68,81.19,6.43,7.12,39,96,3.52,30.08,3
basil,30.1,75.75,5.96,8.58,12,18,3.21,88.7,0
rosemary,29.24,54.6,7.74,4.57,92,44,1.69,52.16,3
parsley,29.07,70.16,7.59,6.85,84,59,1.44,67.1,3
lettuce,16.67,80.81,5.57,3.68,52,49,1.06,73.76,3
mint,28.48,69.33,6.25,7.81,78,99,1.41,73.78,3
lettuce,23.42,74.67,6.03,9.7,14,53,3.08,32.99,3
basil,34.35,79.96,5.96,5.34,45,66,1.67,19.94,0
lettuce,22.03,75.51,7.52,7.22,84,8,2.91,22.91,3
basil,33.72,63.83,9.58,3.04,81,51,4.34,35.09,3
basil,32.38,70.17,8.75,4.93,77,61,4.65,54.46,3
parsley,26.02,49.57,5.57,4.27,28,49,0.65,66.03,0
parsley,23.71,59.83,7.29,5.89,81,83,0.95,60.38,3
parsley,20.19,78.08,4.43,6.31,65,98,4.12,82.56,3
lettuce,25.93,62.02,7.85,1.17,20,97,4.67,18.74,3
parsley,28.57,72.81,5.74,1.5,78,43,1.81,78.26,3
lettuce,20.33,85.7,6.73,8.9,55,98,3.35,85.49,3
lettuce,20.74,83.03,4.29,1.69,0,98,1.67,88.16,3
basil,25.78,59.82,9.28,4.7,16,17,2.85,91.24,3
parsley,18.58,61.18,6.15,0.58,68,27,1.25,28.26,3
basil,32.57,65.69,6.98,5.48,2,28,4.64,31.12,3
rosemary,29.19,50.68,12.16,3.06,42,38,3.81,22.58,0
lettuce,22.7,87.5,4.52,7.59,95,14,2.92,7.35,3
lettuce,23.77,82.27,7.11,5.17,100,34,2.42,8.3,3
rosemary,22.69,56.3,6.9,8.08,59,41,2.96,90.9,0
basil,33.13,55.06,8.49,6.52,5,54,0.62,34.0,3
rosemary,27.57,57.95,10.26,9.44,60,21,0.86,29.43,3
mint,22.29,59.84,4.84,6.15,89,62,1.67,36.31,0
mint,20.94,72.39,3.72,4.4,91,95,1.6,12.05,3
rosemary,22.51,58.71,8.8,5.01,69,42,2.9,42.93,3
mint,24.6,78.47,5.63,3.66,97,100,3.35,74.19,3
mint,24.98,63.35,6.95,2.76,71,88,1.08,21.52,3
parsley,23.14,67.33,5.12,1.01,84,74,2.07,74.2,3
rosemary,26.32,43.2,10.39,6.83,10,42,0.71,49.67,3
lettuce,22.97,82.72,6.33,5.27,44,77,2.85,88.32,3
lettuce,26.91,81.49,6.86,0.26,25,86,4.67,73.05,3
mint,24.02,79.87,3.91,8.57,99,4,2.3,52.52,3
lettuce,27.4,86.42,4.68,5.65,44,36,4.34,11.28,3
rosemary,21.8,70.73,7.49,2.4,87,19,0.64,48.52,0
rosemary,20.93,63.85,9.75,5.68,85,25,3.44,31.67,3
rosemary,21.33,42.98,10.33,3.41,47,68,4.81,93.4,3
rosemary,29.16,42.32,11.42,2.43,48,61,3.46,98.28,3
basil,22.28,67.01,8.83,2.91,21,63,1.73,87.5,3
parsley,20.6,53.06,5.71,2.69,60,95,5.0,34.65,3
lettuce,24.7,89.52,4.28,7.06,25,49,3.5,12.46,3
lettuce,18.45,76.69,6.09,4.17,56,84,0.96,33.89,3
lettuce,23.24,83.83,4.64,7.13,39,46,4.41,32.81,3
rosemary,24.93,56.42,7.45,5.6,51,20,1.28,58.91,3
basil,24.56,70.84,6.65,7.13,39,93,1.29,51.38,3
parsley,23.24,74.86,5.54,9.87,0,49,1.22,65.29,3
mint,18.8,85.12,3.03,5.45,14,58,2.94,16.25,3
rosemary,28.82,67.68,11.05,9.43,56,69,1.43,43.01,3
parsley,22.23,71.09,8.12,0.77,83,49,2.21,84.11,0
parsley,28.5,79.54,6.81,2.94,91,84,2.52,38.92,3
basil,29.71,52.83,10.3,8.5,90,1,4.69,45.96,0
lettuce,26.73,61.59,6.7,7.55,49,90,1.82,71.71,3
parsley,25.12,52.8,6.75,7.59,39,2,1.66,22.62,3
parsley,20.97,68.34,5.44,4.53,47,85,2.35,49.17,3
lettuce,22.99,84.74,6.17,2.62,91,0,0.71,70.38,3
mint,20.43,91.74,6.35,5.87,93,1,4.58,55.97,0
basil,22.68,67.92,7.31,5.35,4,27,1.34,84.1,3
mint,27.45,90.18,3.51,1.43,85,38,4.8,65.15,0
lettuce,26.05,82.9,5.29,3.31,42,63,4.33,99.74,3
parsley,22.55,67.69,7.32,8.14,4,19,2.74,17.33,3
lettuce,24.17,87.09,4.62,5.77,61,95,3.85,70.38,3
parsley,23.05,62.52,3.96,0.58,44,81,1.49,16.83,0
mint,21.07,66.53,6.01,3.87,7,17,3.61,74.51,3
lettuce,16.83,81.33,6.56,6.39,87,46,1.61,3.72,3
rosemary,27.74,44.34,11.35,6.6,43,8,0.89,41.25,3
parsley,28.85,62.34,7.23,3.36,4,98,3.72,92.12,3
lettuce,17.7,71.59,7.14,0.6,57,82,2.77,77.07,3
parsley,20.18,63.69,5.54,5.1,84,69,0.65,39.91,3
mint,23.27,88.68,5.75,0.74,39,9,1.8,50.48,3
lettuce,15.74,77.93,5.1,1.54,13,67,0.93,56.9,3
mint,20.12,62.91,3.46,0.0,59,99,2.83,77.09,3
rosemary,20.93,52.8,7.34,1.41,66,40,3.26,71.19,3
lettuce,24.98,81.03,6.71,0.94,12,50,4.59,54.95,3
parsley,19.63,77.71,7.23,8.72,0,97,1.74,41.25,3
mint,18.58,80.38,5.91,1.83,60,6,0.99,8.77,3
mint,26.8,80.31,5.88,1.77,27,77,1.9,67.1,3
basil,23.1,71.03,9.19,0.62,82,42,2.78,56.82,3
lettuce,20.31,75.45,6.05,1.04,15,94,4.63,30.09,3
lettuce,17.44,64.75,5.46,6.68,81,60,1.1,21.34,3
parsley,22.83,75.95,6.42,5.43,74,45,4.24,82.17,3
basil,32.86,49.81,7.56,6.65,18,64,3.28,16.42,0
parsley,21.61,72.4,6.35,6.33,97,2,0.56,52.48,3
rosemary,26.69,59.27,7.04,1.45,56,78,1.13,43.23,3
basil,25.8,75.55,5.96,7.16,27,68,4.57,52.3,0
parsley,26.79,53.36,6.4,9.41,33,62,3.46,46.36,3
mint,20.6,63.89,5.44,8.34,79,76,4.66,96.53,3
rosemary,26.11,58.27,7.63,5.17,57,77,0.94,77.57,3
lettuce,17.66,83.2,4.78,5.41,39,41,1.11,86.4,3
mint,27.1,72.59,6.85,0.85,75,70,2.48,13.88,3
parsley,27.49,58.55,5.74,4.66,46,10,2.5,96.41,3
parsley,19.52,50.69,5.29,8.69,22,97,4.06,3.39,3
mint,28.71,70.69,4.78,3.1,28,88,2.21,46.15,3
rosemary,20.4,64.5,8.51,5.96,70,74,1.09,85.43,3
rosemary,22.26,60.78,7.36,8.88,64,15,3.42,64.0,3
basil,24.41,60.04,7.75,6.18,59,15,3.9,75.6,3
basil,30.62,60.18,7.75,7.62,98,90,4.63,62.86,3
lettuce,18.15,82.33,6.33,5.98,21,40,4.73,4.21,3
mint,19.26,83.82,5.36,3.38,50,12,4.86,51.91,3
parsley,25.23,60.62,7.66,5.41,87,96,3.39,20.02,3
parsley,21.4,73.53,6.3,3.79,16,14,3.42,40.75,3
parsley,21.01,51.83,3.9,2.13,15,62,0.89,28.58,0
mint,23.53,85.11,6.23,6.46,22,32,3.72,33.34,3
basil,28.13,60.65,10.09,3.2,91,7,4.9,50.13,0
basil,29.55,62.84,7.44,4.84,43,16,0.76,18.8,3
rosemary,24.61,55.84,7.95,5.64,94,57,4.85,43.11,3
rosemary,31.91,44.78,10.45,9.29,53,86,3.27,27.82,3
mint,24.24,79.69,4.05,4.73,3,45,3.63,90.52,3
mint,28.94,87.52,4.82,4.37,6,82,2.23,63.29,3
rosemary,29.5,51.0,7.56,8.11,51,80,3.63,69.43,3
parsley,22.66,56.11,5.5,4.84,29,74,2.35,5.31,3
rosemary,24.09,46.39,9.3,0.37,19,81,1.49,1.48,3
basil,26.73,73.11,7.04,8.01,69,13,1.26,59.75,3
lettuce,19.64,65.72,7.85,0.38,20,23,3.16,50.92,3
mint,21.06,74.23,7.1,1.73,67,50,3.8,42.14,0
mint,20.01,62.84,3.22,1.51,47,91,2.45,72.57,3
mint,26.52,80.8,6.28,5.44,95,1,4.78,26.95,3
mint,29.6,68.48,3.45,3.14,8,32,0.52,2.72,3
mint,26.15,77.74,6.71,3.67,4,25,3.37,67.55,3
mint,25.61,78.6,5.29,7.92,45,91,3.22,71.45,3
mint,19.25,90.01,3.04,3.65,73,75,2.79,80.25,0
mint,25.3,69.05,6.22,1.42,59,60,3.97,43.43,3
parsley,22.75,76.41,5.06,6.92,5,15,1.33,7.82,3
lettuce,25.21,78.41,7.98,0.08,87,25,3.99,73.35,3
rosemary,28.42,65.0,7.25,1.79,79,93,4.86,32.01,3
basil,25.06,63.64,6.38,1.65,85,22,3.17,95.54,3
mint,22.64,70.18,6.52,3.54,67,19,2.08,25.21,3
rosemary,20.24,44.94,11.11,7.79,35,92,1.34,29.42,3
rosemary,25.15,54.76,9.18,2.82,11,92,3.01,94.67,3
mint,24.29,83.85,4.43,3.47,58,40,1.76,92.27,3
mint,24.89,74.47,3.53,6.3,96,90,4.52,78.78,3
parsley,28.04,77.56,4.2,6.35,90,53,2.2,36.1,3
mint,29.45,66.45,4.88,8.51,86,90,2.47,89.67,3
basil,27.35,52.82,6.0,2.89,91,35,3.83,28.3,3
lettuce,17.66,73.95,7.34,3.96,74,64,4.11,82.65,3
rosemary,26.45,55.75,10.77,9.8,96,45,1.44,70.83,3
rosemary,26.27,50.62,10.45,6.0,76,69,2.45,49.58,3
parsley,18.23,79.42,7.03,1.7,6,77,1.5,60.53,3
parsley,19.15,56.04,7.95,2.96,56,56,0.68,34.52,3
rosemary,26.9,58.6,7.46,1.65,83,36,2.4,20.0,3
parsley,26.59,57.85,4.68,2.35,38,86,2.14,82.74,3
rosemary,27.68,64.84,9.19,8.41,31,95,0.54,76.04,3
basil,31.34,70.48,9.83,4.96,73,78,4.13,22.12,3
lettuce,23.76,64.21,5.68,2.21,87,59,1.71,81.79,3
rosemary,22.56,44.35,10.62,5.0,93,68,2.98,43.64,3
lettuce,18.01,74.66,4.85,1.77,70,68,4.29,72.44,3
parsley,22.09,61.73,6.41,1.24,81,5,1.14,17.9,3
rosemary,24.44,67.47,10.46,1.05,37,25,4.81,37.49,3
lettuce,26.51,86.77,4.32,4.82,73,50,4.54,20.43,3
rosemary,20.93,46.5,10.02,3.63,69,65,2.37,53.33,3
basil,34.02,70.03,6.24,7.42,16,99,1.77,2.0,3
lettuce,20.15,70.07,6.88,3.21,51,78,3.93,92.49,3
mint,23.71,66.54,6.01,6.58,28,10,1.62,64.53,3
basil,31.16,60.32,9.37,5.74,12,10,1.79,35.61,3
mint,19.56,63.81,4.01,5.71,22,84,1.15,91.16,3
parsley,28.05,73.94,7.81,0.42,57,24,2.34,12.66,3
basil,23.49,73.35,5.95,9.32,21,53,1.98,25.8,0
rosemary,29.78,63.39,8.17,2.3,82,98,1.14,0.35,3
rosemary,23.13,64.76,9.48,5.65,84,94,1.47,98.44,3
parsley,28.18,55.63,5.66,6.27,100,83,1.48,83.55,3
rosemary,31.46,63.42,7.57,7.76,58,61,2.29,51.48,3
lettuce,26.65,66.71,7.53,6.7,75,87,1.57,6.81,3
mint,27.02,74.07,4.4,2.3,38,24,1.44,99.58,3
basil,30.51,56.49,8.37,4.06,72,7,3.09,62.47,3
lettuce,20.42,69.32,5.68,9.26,98,74,0.59,83.77,3
basil,23.93,76.77,8.36,4.81,94,40,3.81,39.26,3
lettuce,21.1,86.91,7.02,7.99,90,100,3.01,87.28,3
lettuce,16.47,61.19,5.04,0.67,81,22,1.53,42.8,3
basil,31.77,49.19,6.3,5.79,63,24,4.68,57.1,0
rosemary,28.74,54.06,7.8,7.69,23,45,4.73,95.69,3
rosemary,22.06,68.66,11.14,3.1,99,74,2.93,54.67,3
mint,26.45,65.98,2.96,6.34,25,61,0.71,70.59,0
lettuce,21.59,76.9,4.41,4.47,33,15,3.09,64.18,3
parsley,23.94,75.44,7.55,4.93,11,91,1.39,52.22,3
mint,27.8,66.58,3.03,8.75,42,6,1.63,19.31,3
lettuce,25.63,87.26,4.14,0.18,24,91,2.96,26.44,3
rosemary,30.1,44.72,7.89,8.66,60,87,4.72,98.53,3
parsley,24.63,68.4,5.77,6.97,100,0,3.19,32.98,3
parsley,28.33,54.98,5.03,5.82,71,99,1.27,56.54,3
basil,30.89,53.14,9.67,8.98,55,57,4.26,34.28,3
lettuce,21.68,62.13,7.7,1.96,17,54,2.14,68.23,3
basil,32.72,65.16,8.95,8.18,95,40,4.5,38.8,3
rosemary,23.08,56.45,9.06,4.19,26,39,2.91,0.3,3
lettuce,18.98,82.14,5.73,1.5,14,92,2.14,15.9,3
lettuce,21.26,74.42,4.97,0.46,29,94,4.1,76.63,3
mint,29.55,72.98,3.67,2.83,11,41,4.76,85.92,3
rosemary,26.75,50.75,9.77,7.26,33,88,4.31,93.67,3
mint,22.0,69.73,3.65,1.65,15,55,3.89,76.46,3
basil,24.17,54.23,7.17,9.18,63,98,1.55,65.27,3
parsley,26.98,78.2,6.3,7.17,65,7,4.27,27.83,3
basil,23.49,67.48,9.33,2.42,57,29,2.85,83.66,3
rosemary,30.05,42.21,7.35,7.85,80,6,4.49,44.14,3
mint,24.13,78.46,5.22,7.98,86,12,3.58,16.5,3
parsley,24.57,54.72,4.88,6.57,68,93,1.38,87.36,3
mint,28.76,72.61,6.63,2.08,30,36,4.38,35.51,3
basil,33.94,56.87,6.4,8.6,7,95,0.87,49.3,3
rosemary,23.43,61.37,8.99,7.37,5,16,1.19,33.21,3
rosemary,21.76,49.24,9.12,9.17,44,69,0.58,89.38,3
mint,23.94,68.04,7.1,7.66,61,7,2.71,54.91,0
mint,29.22,83.77,5.36,8.56,48,75,0.95,79.27,3
basil,31.31,65.25,9.52,8.49,93,6,3.68,13.07,3
rosemary,20.87,48.45,9.0,5.97,5,55,3.78,45.68,3
basil,26.12,79.24,8.35,3.99,21,99,3.16,29.86,3
rosemary,23.7,47.1,7.94,9.82,1,66,2.52,95.96,3
basil,25.18,48.82,7.48,3.38,72,80,4.87,80.3,0
lettuce,20.57,82.03,5.46,5.5,70,16,3.48,35.61,3
basil,34.58,67.93,8.12,8.8,75,67,4.75,72.14,3
mint,27.65,77.21,6.82,2.19,26,2,0.95,9.87,3
basil,28.52,60.55,6.67,2.66,78,47,3.5,70.24,3
lettuce,17.57,61.61,7.54,1.53,48,95,4.9,35.16,3
basil,27.72,64.8,7.09,7.15,0,51,2.87,92.3,3
parsley,27.66,72.5,3.96,9.98,12,24,3.48,41.99,0
lettuce,16.01,68.59,6.72,3.5,67,62,4.03,32.66,3
parsley,25.41,70.35,4.49,8.8,8,60,0.64,7.26,3
rosemary,27.49,63.7,11.87,8.98,60,74,2.34,48.11,3
parsley,23.68,50.83,7.74,9.61,8,21,1.25,27.48,3
parsley,19.72,56.34,8.16,7.48,78,90,0.52,55.2,0
basil,26.22,69.49,6.86,8.3,58,27,3.5,60.38,3
mint,29.31,68.53,4.96,0.49,77,24,0.61,18.15,3
basil,32.19,51.81,8.05,6.7,57,16,4.16,48.76,3
rosemary,31.45,40.51,10.74,7.77,3,60,4.19,43.62,3
rosemary,26.21,55.95,10.12,9.99,87,67,3.99,47.52,3
mint,23.37,75.26,3.78,1.72,27,59,4.41,39.63,3
basil,34.07,60.36,10.04,8.62,14,84,0.86,84.5,0
lettuce,24.28,77.75,4.4,1.86,72,70,1.11,16.83,3
rosemary,24.02,56.49,7.48,8.71,35,42,2.33,62.96,3
basil,28.73,63.23,9.5,4.51,17,1,2.2,99.04,3
mint,18.35,87.87,3.97,7.39,2,3,0.92,4.56,3
rosemary,28.06,56.35,9.3,7.84,18,23,2.23,3.53,3
rosemary,24.96,55.71,8.94,5.45,19,11,4.63,10.03,3
lettuce,15.0,66.45,5.74,9.95,69,89,3.85,68.74,3
parsley,20.95,76.42,6.28,1.74,99,26,2.78,70.22,3
lettuce,19.98,71.77,5.96,0.94,92,80,4.88,1.89,3
rosemary,23.47,65.84,11.46,1.97,45,96,4.6,92.81,3
mint,20.83,74.55,4.9,2.05,26,45,1.53,82.58,3
basil,29.94,60.05,6.82,9.22,70,49,3.69,58.48,3
mint,20.53,60.83,5.31,7.14,2,75,0.81,19.74,3
rosemary,22.93,56.27,8.94,1.6,88,11,1.48,85.82,3
parsley,19.16,67.25,6.77,5.0,47,68,3.01,62.44,3
mint,26.51,76.55,6.06,1.88,86,27,2.81,18.88,3
basil,25.38,52.28,7.2,5.77,31,28,4.38,70.03,3
parsley,24.21,55.35,6.79,8.86,2,21,3.3,75.76,3
basil,24.24,55.71,8.0,2.23,0,47,1.83,7.77,3
parsley,25.59,50.55,5.39,1.9,50,51,2.84,61.47,3
lettuce,22.87,87.77,5.52,1.16,96,42,3.73,43.32,3
parsley,25.15,61.61,7.34,4.8,41,27,0.96,34.96,3
parsley,18.12,48.82,7.09,7.84,82,5,1.34,74.45,0
lettuce,22.73,84.36,7.47,3.61,66,86,2.81,24.55,3
rosemary,27.71,62.54,9.24,2.26,99,0,3.29,92.08,3
lettuce,23.64,66.46,6.96,1.31,72,71,1.73,99.02,3
lettuce,23.96,62.2,5.79,6.74,52,57,3.65,31.03,3
parsley,21.8,58.04,4.54,4.15,39,46,0.52,81.49,3
mint,19.0,70.8,7.0,9.71,61,45,2.98,17.37,3
mint,28.58,61.66,5.37,1.0,55,50,4.05,52.41,3
parsley,19.54,64.74,6.46,4.14,75,17,3.49,34.24,3
{
    "all_scores": [
        {"crop": "Lettuce", "suitability_score": 85, "confidence": 90},
        ...
    ],
    "recommended_crops": ["Lettuce"]
}