crop_type,temperature,humidity,sunlight_hours,water_ph,air_quality_index,wind_speed,suitability_percentage,suitability_class
rosemary,6.64,10,5.8,8.16,311,0.52,15,0
mint,6.72,91,5.9,3.91,305,2.33,15,0
rosemary,48.33,22,10.7,4.35,366,0.4,5,0
lettuce,49.22,93,2.3,7.61,183,0.38,15,0
parsley,7.08,97,4.9,8.68,241,0.0,15,0
basil,11.48,92,5.6,3.93,245,1.14,15,0
mint,9.69,6,4.4,8.33,223,0.4,25,0
parsley,42.64,14,5.7,4.29,152,1.08,25,0
parsley,49.64,6,4.6,4.77,367,0.36,25,0
lettuce,13.66,86,4.9,5.06,91,0.89,40,0
basil,9.47,13,9.4,7.94,376,0.82,15,0
rosemary,11.47,11,3.9,4.7,278,1.9,15,0
mint,45.52,17,2.8,7.41,159,1.25,15,0
rosemary,16.81,34,6.9,5.63,52,1.26,40,0
rosemary,7.63,90,5.0,4.65,323,2.17,15,0
mint,6.35,24,4.4,7.34,373,1.36,25,0
parsley,9.96,98,5.8,7.73,315,0.62,25,0
rosemary,15.36,75,8.3,7.18,107,1.74,30,0
basil,39.17,95,8.4,7.59,337,0.42,15,0
basil,48.43,95,7.6,7.66,366,0.66,25,0
basil,20.63,46,7.3,7.03,44,2.06,50,0
basil,40.94,28,7.4,4.06,305,0.87,25,0
parsley,26.76,20,5.7,5.41,69,1.55,30,0
rosemary,19.05,21,6.5,7.17,49,1.4,40,0
basil,6.41,97,8.1,7.4,237,0.61,15,0
mint,10.67,99,7.4,7.87,363,0.89,15,0
mint,49.22,16,9.8,7.58,197,1.22,15,0
basil,6.58,7,6.8,3.65,217,0.67,25,0
lettuce,29.66,37,7.9,6.72,75,0.75,30,0
lettuce,47.71,23,7.4,8.28,279,0.49,15,0
lettuce,10.31,19,3.2,7.32,208,0.95,15,0
rosemary,45.56,23,8.6,8.74,306,2.33,15,0
rosemary,45.18,91,8.4,8.57,285,2.01,15,0
mint,7.13,93,1.8,4.36,271,1.44,15,0
basil,9.14,98,4.9,7.82,268,0.65,15,0
parsley,40.34,13,5.1,7.68,364,0.24,15,0
lettuce,44.74,93,7.6,7.38,279,0.51,15,0
mint,13.72,44,5.4,5.38,71,1.92,40,0
lettuce,49.34,92,5.7,4.58,278,1.32,25,0
mint,42.09,16,5.2,4.88,222,1.9,25,0
basil,44.37,94,7.4,7.38,238,1.38,25,0
mint,17.72,52,5.9,6.54,58,0.54,40,0
mint,13.35,50,4.4,6.75,96,0.55,40,0
lettuce,41.8,17,5.0,8.52,239,1.47,25,0
mint,32.68,54,5.6,6.66,77,1.25,40,0
mint,41.62,19,5.1,4.12,255,1.21,25,0
mint,30.36,49,6.7,6.25,82,0.37,45,0
lettuce,26.41,74,6.6,5.25,63,1.37,45,0
rosemary,38.57,6,6.6,4.68,314,3.0,15,0
basil,9.19,18,10.5,3.63,339,1.52,15,0
parsley,7.15,20,4.5,3.88,217,1.72,15,0
parsley,9.62,22,4.7,8.91,193,1.07,25,0
parsley,39.12,17,6.1,4.87,197,0.89,15,0
lettuce,40.01,91,2.2,4.49,388,0.72,15,0
parsley,45.74,6,3.0,4.74,378,0.61,15,0
parsley,39.41,7,5.9,4.06,225,0.93,25,0
basil,9.1,20,9.4,4.69,375,0.66,15,0
basil,43.32,14,7.9,7.55,324,0.99,25,0
lettuce,26.49,87,3.7,6.79,70,1.74,20,0
basil,40.46,7,7.9,3.5,325,2.14,15,0
lettuce,27.39,91,4.6,5.37,101,1.16,40,0
lettuce,8.68,32,3.6,6.03,91,0.13,45,0
basil,9.54,98,7.9,3.84,253,1.64,25,0
lettuce,13.01,100,2.8,6.55,124,1.42,15,0
lettuce,10.01,15,3.6,3.7,281,0.59,15,0
lettuce,8.09,98,1.7,8.91,273,1.1,15,0
basil,9.37,27,7.5,7.69,233,2.03,15,0
mint,45.15,92,4.0,4.11,237,1.87,25,0
rosemary,5.01,99,7.1,3.54,301,0.53,25,0
parsley,5.4,27,6.5,4.75,186,1.5,15,0
mint,20.12,93,3.8,4.99,100,1.55,50,0
mint,8.01,91,8.3,4.7,269,0.91,15,0
parsley,42.95,5,7.2,7.82,310,1.18,15,0
lettuce,47.28,6,4.5,4.61,378,1.53,15,0
rosemary,15.03,33,6.8,5.46,79,1.49,40,0
parsley,28.14,86,4.9,5.17,97,1.22,40,0
mint,11.13,95,4.5,4.09,373,1.31,25,0
rosemary,8.4,7,5.4,3.6,175,1.53,15,0
lettuce,9.7,96,4.6,8.91,215,0.24,15,0
basil,10.35,12,8.2,7.92,188,1.61,15,0
lettuce,6.17,5,0.4,4.34,167,1.06,15,0
parsley,21.9,86,4.1,6.84,20,1.53,50,0
rosemary,49.41,24,8.8,4.1,163,1.01,15,0
mint,40.45,5,3.0,8.38,363,1.11,15,0
parsley,6.93,93,8.1,8.63,290,0.0,5,0
rosemary,32.49,23,7.5,7.19,61,0.81,40,0
mint,49.77,9,5.2,3.59,311,0.31,15,0
rosemary,41.08,92,5.3,3.72,298,1.03,15,0
lettuce,40.11,23,5.3,4.3,299,1.03,25,0
parsley,42.64,24,5.3,4.33,361,1.07,25,0
rosemary,34.14,78,7.5,6.79,147,0.9,50,0
basil,7.4,26,5.9,3.98,269,0.27,5,0
basil,38.84,98,6.6,7.42,324,0.95,25,0
rosemary,43.98,29,6.7,3.98,241,1.73,25,0
lettuce,8.01,98,3.3,4.44,293,1.36,15,0
parsley,18.44,87,6.0,6.55,111,2.03,50,0
rosemary,5.95,95,3.0,4.89,242,1.28,15,0
basil,6.83,98,6.2,3.74,277,1.36,25,0
parsley,7.58,6,4.6,7.7,311,1.54,15,0
rosemary,38.79,22,9.5,4.2,272,1.37,15,0
rosemary,36.33,35,7.5,5.66,120,1.49,40,0
rosemary,11.21,98,3.9,7.71,216,2.56,5,0
parsley,27.71,38,3.6,6.86,71,0.73,30,0
mint,36.93,95,5.8,6.53,51,1.0,40,0
mint,8.45,18,5.2,4.58,192,1.8,25,0
lettuce,41.92,18,4.0,4.1,256,1.0,25,0
lettuce,13.39,45,3.0,6.58,84,0.0,20,0
lettuce,40.59,21,6.7,3.68,341,0.57,15,0
rosemary,7.5,16,7.0,8.92,234,0.82,25,0
basil,19.0,71,5.6,6.82,73,1.67,30,0
lettuce,23.51,86,7.1,5.44,55,0.93,50,0
parsley,11.21,98,3.3,3.63,372,0.43,15,0
basil,6.2,94,6.7,8.41,259,1.24,25,0
mint,9.83,27,9.1,3.66,274,0.66,15,0
basil,47.27,94,8.4,4.53,338,1.2,15,0
basil,49.81,6,6.4,4.45,310,1.01,25,0
parsley,39.09,97,3.3,3.57,243,0.48,15,0
rosemary,44.42,20,6.9,4.26,340,0.5,25,0
basil,44.22,21,7.8,4.19,261,0.45,25,0
basil,42.9,25,7.0,8.8,387,1.67,25,0
basil,47.03,96,8.6,4.86,233,0.86,15,0
lettuce,46.56,97,7.3,7.97,314,0.81,15,0
rosemary,5.34,98,7.5,4.46,155,0.39,15,0
basil,47.24,97,4.8,7.47,382,0.09,5,0
mint,49.97,92,4.1,7.89,335,1.44,25,0
parsley,47.21,10,3.9,8.8,262,1.39,15,0
basil,41.82,96,9.3,8.03,209,1.59,15,0
parsley,8.41,21,6.3,8.98,278,0.85,15,0
basil,7.32,12,4.9,7.79,304,1.55,15,0
mint,49.32,28,3.2,8.66,364,2.21,5,0
basil,47.83,93,2.1,8.8,182,0.8,15,0
mint,10.46,95,6.6,8.01,303,0.71,15,0
basil,44.98,99,6.3,4.83,216,1.89,25,0
parsley,5.85,99,3.8,8.98,235,0.66,15,0
rosemary,46.09,14,7.1,4.54,355,2.16,25,0
parsley,8.81,11,4.4,8.24,286,0.63,25,0
rosemary,7.56,98,9.6,4.2,256,2.15,15,0
basil,9.72,12,7.3,8.24,203,0.67,25,0
mint,48.59,8,6.2,3.7,376,1.38,15,0
mint,7.01,15,4.4,4.62,206,1.54,25,0
lettuce,46.27,97,3.0,8.79,327,0.17,5,0
lettuce,10.73,92,2.4,4.28,250,1.56,5,0
lettuce,40.82,95,4.7,3.83,374,0.0,15,0
mint,40.24,5,5.2,8.9,282,1.22,25,0
parsley,6.99,93,4.7,3.76,266,0.35,25,0
rosemary,9.4,12,6.6,3.51,366,1.72,25,0
lettuce,41.42,99,5.5,4.73,369,0.0,15,0
lettuce,7.5,93,7.2,8.1,373,0.39,15,0
basil,46.41,98,4.6,4.64,349,1.18,15,0
lettuce,6.82,25,1.5,8.92,223,1.19,15,0
lettuce,41.56,98,5.2,3.86,179,0.01,15,0
rosemary,5.81,17,8.1,7.32,309,2.56,5,0
parsley,41.87,90,4.2,8.3,229,0.56,25,0
parsley,6.18,91,3.8,3.74,232,1.34,15,0
mint,29.72,44,5.0,6.75,40,1.18,40,0
mint,7.93,18,1.8,4.74,382,0.88,15,0
basil,47.29,11,8.8,4.51,264,1.41,15,0
lettuce,22.78,44,6.1,6.72,78,1.2,50,0
basil,41.78,21,5.7,4.54,252,1.33,15,0
basil,40.29,97,8.0,4.12,294,1.21,25,0
parsley,45.33,9,3.0,3.76,283,0.43,15,0
basil,44.01,11,2.4,4.58,294,1.92,15,0
mint,9.47,23,3.8,4.02,300,1.1,15,0
basil,46.44,27,4.2,8.79,341,1.06,15,0
rosemary,46.91,17,5.3,3.64,222,1.42,15,0
rosemary,7.26,12,7.9,4.85,199,1.85,25,0
mint,38.56,6,5.5,7.87,166,1.01,25,0
rosemary,11.28,20,7.6,4.0,361,1.96,25,0
basil,8.63,22,3.4,8.7,358,1.77,15,0
lettuce,10.51,25,4.6,4.37,234,0.22,15,0
mint,8.72,5,3.8,7.75,235,0.39,5,0
rosemary,19.79,33,9.8,5.92,78,1.34,30,0
lettuce,46.59,13,4.5,4.38,244,1.18,25,0
rosemary,5.82,5,6.1,8.85,224,2.66,15,0
rosemary,7.38,95,6.8,8.03,372,1.07,25,0
parsley,26.06,83,5.6,6.31,127,0.4,50,0
basil,40.32,17,5.5,8.14,243,0.81,15,0
rosemary,6.44,96,9.1,4.42,163,2.48,15,0
basil,7.83,7,5.2,4.28,179,0.07,5,0
rosemary,43.4,95,8.4,4.24,211,1.45,15,0
basil,7.76,94,2.6,4.34,163,1.71,15,0
parsley,43.29,96,8.9,3.57,363,1.17,15,0
mint,9.65,22,1.9,7.88,165,1.82,15,0
rosemary,43.99,16,11.3,4.14,375,1.84,15,0
parsley,7.29,97,3.8,8.62,215,0.17,5,0
lettuce,8.4,12,6.7,7.67,234,0.98,15,0
rosemary,35.11,21,8.3,7.08,77,2.19,30,0
mint,38.67,99,5.1,8.21,390,0.11,15,0
mint,33.33,92,5.8,5.92,126,1.49,50,0
lettuce,11.28,35,4.6,5.35,85,1.85,30,0
rosemary,41.47,90,10.0,7.87,261,0.75,15,0
basil,8.53,8,10.9,3.82,268,1.58,15,0
rosemary,20.77,80,5.7,7.18,106,2.18,50,0
mint,49.91,93,4.1,8.54,191,0.45,25,0
parsley,44.92,19,5.9,8.49,396,1.35,25,0
parsley,7.62,90,7.8,8.87,375,0.44,15,0
basil,41.43,95,6.7,8.39,355,1.24,25,0
mint,7.03,28,3.6,3.99,215,0.22,5,0
lettuce,9.73,17,0.9,7.74,249,0.38,15,0
parsley,41.14,94,0.0,8.24,175,0.36,15,0
basil,6.82,98,10.6,8.18,390,0.9,15,0
parsley,9.27,11,3.5,4.16,254,0.54,15,0
mint,48.62,97,8.1,8.6,334,2.78,5,0
mint,7.42,15,6.0,3.92,365,1.45,25,0
basil,39.76,91,5.8,8.84,296,1.03,15,0
basil,9.27,27,6.2,4.56,338,0.87,25,0
mint,40.47,97,7.0,8.3,202,2.0,15,0
basil,8.67,99,10.0,4.83,281,1.22,15,0
mint,38.62,8,6.5,8.62,340,0.52,15,0
basil,30.61,83,6.0,6.88,87,0.78,40,0
basil,43.06,21,7.7,8.44,277,1.49,25,0
parsley,25.16,83,4.6,6.65,71,1.1,40,0
rosemary,34.85,27,5.2,5.65,79,1.55,30,0
parsley,42.31,97,2.8,4.46,158,0.0,5,0
lettuce,38.84,15,4.6,4.68,163,1.32,25,0
mint,9.41,15,5.7,8.78,373,1.25,25,0
mint,28.04,88,7.3,6.56,112,1.5,30,0
lettuce,29.95,90,7.4,5.09,61,1.22,30,0
mint,6.03,11,5.3,7.48,156,0.33,15,0
basil,47.42,93,10.3,7.39,331,0.98,15,0
parsley,44.81,29,0.8,8.67,392,1.3,15,0
lettuce,12.79,89,6.9,6.23,91,0.13,45,0
parsley,14.68,39,6.4,5.8,118,1.77,45,0
basil,10.39,13,8.6,4.36,388,0.15,5,0
parsley,39.08,18,1.0,4.06,218,0.0,5,0
basil,10.36,97,7.6,8.35,278,0.17,15,0
lettuce,10.6,20,2.4,8.28,346,0.63,15,0
parsley,44.83,99,7.1,8.08,228,1.12,15,0
mint,41.82,27,5.2,4.32,335,1.15,25,0
mint,41.72,16,4.6,7.33,334,2.15,15,0
basil,11.0,17,9.6,8.43,193,0.9,15,0
rosemary,31.1,73,7.4,5.45,65,1.7,40,0
rosemary,32.84,23,7.9,7.14,63,1.0,40,0
lettuce,11.25,98,3.3,8.44,199,0.45,15,0
basil,5.73,5,6.9,3.73,157,0.94,25,0
basil,6.64,11,11.2,3.72,238,1.1,15,0
basil,47.01,92,1.9,8.04,379,1.23,15,0
lettuce,11.43,98,4.1,3.87,248,0.21,15,0
rosemary,6.61,9,9.0,8.26,250,1.56,15,0
lettuce,38.99,95,6.3,8.96,278,1.6,5,0
parsley,7.36,97,7.5,3.69,224,1.85,5,0
lettuce,30.26,24,5.8,5.35,108,1.28,40,0
rosemary,42.73,24,4.0,4.7,233,1.81,15,0
rosemary,7.38,98,7.2,4.85,326,1.06,25,0
parsley,7.43,11,7.8,3.65,178,1.35,15,0
rosemary,46.7,95,6.6,8.81,214,1.92,25,0
lettuce,38.81,98,7.0,4.0,184,1.25,15,0
basil,8.02,13,8.0,8.65,203,0.29,15,0
rosemary,45.67,96,8.8,7.74,190,2.08,15,0
lettuce,10.26,98,4.0,3.55,156,1.03,25,0
parsley,7.86,12,8.3,4.32,386,0.0,5,0
lettuce,7.34,18,7.1,4.2,324,0.52,15,0
parsley,10.52,92,5.4,8.72,295,0.34,25,0
basil,10.28,29,7.0,7.68,333,0.87,25,0
parsley,48.91,97,6.5,7.63,294,0.31,15,0
lettuce,49.08,18,6.9,7.84,206,0.25,5,0
lettuce,7.2,97,5.6,4.66,181,1.02,25,0
parsley,47.11,10,3.3,4.44,255,0.61,15,0
mint,8.53,91,5.4,7.84,198,1.95,25,0
parsley,7.72,9,6.8,8.01,371,0.6,15,0
basil,46.65,94,6.3,8.67,209,1.53,25,0
mint,49.18,7,6.2,4.52,372,0.68,15,0
rosemary,17.56,67,7.5,5.72,51,1.26,40,0
lettuce,13.91,88,3.7,6.67,81,0.36,30,0
basil,43.96,90,5.5,7.66,255,1.07,15,0
mint,49.89,95,0.0,3.9,337,0.13,5,0
basil,9.96,17,4.5,7.8,299,0.51,15,0
rosemary,46.56,10,8.0,4.71,201,1.99,25,0
basil,19.49,51,4.6,5.22,119,1.08,45,0
basil,10.72,6,10.9,7.47,345,1.08,15,0
mint,15.74,83,6.8,5.4,99,0.44,30,0
basil,42.53,15,8.0,8.36,167,1.11,25,0
lettuce,7.27,23,4.2,4.74,392,1.67,15,0
mint,8.8,90,7.8,4.27,305,0.0,5,0
lettuce,44.43,15,2.2,8.47,332,2.01,5,0
lettuce,49.26,97,6.1,3.6,262,0.39,15,0
lettuce,5.4,26,4.7,8.45,329,1.33,25,0
mint,6.18,97,2.2,4.14,205,1.14,15,0
lettuce,6.0,93,3.9,8.64,332,0.0,5,0
mint,46.6,26,2.6,4.65,165,1.08,15,0
lettuce,25.84,96,4.6,5.32,45,0.29,30,0
basil,45.84,99,8.4,4.75,334,1.48,15,0
basil,7.09,90,7.5,4.11,173,1.59,25,0
rosemary,10.27,22,3.8,3.99,322,0.5,15,0
basil,45.07,24,5.7,4.22,230,1.26,15,0
parsley,22.24,85,3.3,6.71,76,0.96,50,0
parsley,38.77,14,3.7,7.9,319,0.67,15,0
mint,49.33,98,4.6,4.74,314,0.3,15,0
rosemary,48.71,22,9.9,8.35,207,1.42,15,0
lettuce,27.28,54,3.9,6.59,93,1.03,45,0
basil,49.24,9,5.6,8.01,343,2.64,5,0
parsley,44.32,5,6.0,7.51,172,0.11,15,0
mint,9.48,27,8.0,3.98,310,1.47,15,0
mint,11.03,13,5.4,4.3,316,0.37,15,0
basil,10.54,94,12.6,8.25,207,1.62,15,0
parsley,9.54,23,3.3,7.46,275,0.22,5,0
basil,46.86,14,6.5,8.04,209,1.81,25,0
rosemary,9.14,23,8.8,4.58,331,0.37,5,0
basil,7.57,94,7.5,7.6,196,1.0,25,0
basil,11.42,9,4.2,7.31,263,0.0,5,0
parsley,8.52,26,5.4,4.81,232,0.34,25,0
basil,45.67,98,3.6,8.07,193,0.0,5,0
basil,39.79,99,5.2,7.74,265,0.79,15,0
mint,43.99,23,2.4,4.28,293,1.02,15,0
rosemary,11.4,98,8.4,8.04,175,0.99,15,0
mint,14.46,92,5.6,5.45,107,1.83,40,0
mint,40.23,97,9.7,8.63,178,1.14,15,0
parsley,17.81,44,3.8,5.57,109,0.2,45,0
lettuce,6.73,95,4.3,7.79,327,0.96,25,0
lettuce,10.75,85,5.8,6.81,74,0.74,40,0
basil,16.22,43,6.8,4.79,111,1.35,40,0
rosemary,49.33,5,10.5,4.03,233,1.69,15,0
basil,6.65,16,10.4,7.52,386,1.73,15,0
lettuce,49.4,91,5.5,8.95,256,0.4,25,0
parsley,5.67,98,9.1,4.73,348,1.2,15,0
parsley,13.6,41,5.1,6.64,79,1.32,40,0
lettuce,10.3,98,8.8,4.36,397,1.5,15,0
lettuce,43.3,22,5.4,8.01,264,1.36,25,0
mint,10.82,27,7.8,7.4,309,1.03,15,0
parsley,10.79,6,3.6,8.72,319,0.3,15,0
mint,47.15,18,6.5,4.41,222,0.82,15,0
mint,14.94,87,4.4,5.24,62,1.27,40,0
lettuce,11.02,92,1.3,4.43,282,1.37,15,0
lettuce,5.62,91,9.4,4.83,208,0.46,15,0
lettuce,10.52,8,4.7,8.75,185,1.53,15,0
basil,39.02,8,3.5,8.99,175,1.57,15,0
lettuce,46.84,14,6.9,8.11,214,0.44,15,0
parsley,14.09,87,6.1,6.57,68,1.2,30,0
mint,11.43,91,4.9,7.69,376,1.82,25,0
mint,8.97,92,4.7,4.23,212,2.05,15,0
rosemary,10.69,11,8.7,7.35,234,1.5,15,0
rosemary,11.48,11,6.8,4.81,242,0.83,25,0
parsley,7.85,14,2.8,8.22,369,1.19,15,0
parsley,48.45,24,3.2,7.9,389,0.0,5,0
mint,9.56,98,7.0,8.88,398,0.11,5,0
rosemary,42.61,13,6.2,4.29,310,1.79,25,0
lettuce,7.91,13,5.7,8.12,193,1.22,25,0
basil,34.75,41,8.3,5.45,70,1.16,30,0
lettuce,48.51,23,5.2,4.33,168,0.1,15,0
basil,39.66,90,6.8,8.45,277,1.43,25,0
rosemary,7.17,99,6.3,7.56,168,1.85,25,0
basil,39.57,10,9.4,4.18,270,0.98,15,0
rosemary,5.2,13,6.3,8.37,228,2.72,15,0
rosemary,5.99,28,8.5,4.16,169,0.99,15,0
rosemary,35.76,74,7.4,5.78,107,1.31,40,0
basil,10.57,23,8.2,7.86,325,1.02,15,0
mint,5.46,92,5.5,4.85,371,1.41,25,0
mint,41.71,27,5.0,8.99,309,1.22,25,0
parsley,39.77,95,3.2,4.08,382,0.3,15,0
parsley,10.69,95,5.9,4.31,374,1.1,25,0
mint,8.11,7,5.8,7.71,152,1.24,25,0
basil,6.5,93,9.0,3.81,254,1.23,15,0
rosemary,6.2,91,3.5,7.67,229,2.3,15,0
parsley,24.66,81,6.4,6.7,50,0.81,50,0
basil,5.69,98,3.6,3.96,349,1.93,15,0
rosemary,5.76,92,5.6,4.36,214,0.55,15,0
basil,10.35,90,7.8,7.7,184,1.0,25,0
rosemary,40.84,95,6.6,7.97,233,1.02,25,0
parsley,43.35,17,6.2,8.84,173,0.02,5,0
basil,10.64,9,10.0,4.59,189,0.67,15,0
parsley,28.64,47,4.4,6.63,89,0.82,40,0
parsley,5.64,14,7.5,4.7,304,1.72,5,0
mint,5.99,96,7.8,4.82,235,0.86,15,0
lettuce,46.32,95,5.3,7.45,370,0.41,25,0
mint,42.41,19,5.4,4.56,321,2.16,15,0
parsley,7.63,12,3.1,8.2,211,0.94,15,0
rosemary,33.77,81,9.3,7.07,106,1.25,30,0
rosemary,39.58,13,6.1,7.93,283,0.88,25,0
lettuce,47.14,9,3.7,8.23,241,2.17,5,0
rosemary,48.04,7,4.3,8.36,340,1.97,15,0
rosemary,48.67,24,5.9,8.83,364,1.45,15,0
rosemary,44.2,22,8.4,8.33,242,1.97,15,0
parsley,41.43,12,5.3,3.51,198,0.7,25,0
rosemary,7.04,5,6.5,8.17,277,2.01,25,0
rosemary,8.64,19,5.8,4.07,151,0.75,15,0
lettuce,43.72,27,8.6,3.77,346,0.99,15,0
basil,42.57,23,4.3,8.64,272,1.49,15,0
mint,6.39,91,4.5,4.36,175,1.41,25,0
mint,6.09,5,6.1,4.19,389,0.81,15,0
lettuce,38.64,97,7.4,3.52,332,1.08,15,0
basil,9.93,95,4.1,4.47,195,1.16,15,0
rosemary,7.95,98,5.8,4.18,247,1.57,15,0
basil,9.65,96,9.4,7.37,272,1.58,15,0
rosemary,9.65,23,9.3,7.76,280,1.76,15,0
mint,47.55,96,7.0,7.47,390,0.96,15,0
basil,41.79,24,5.4,8.97,194,0.91,15,0
parsley,43.29,15,3.7,4.38,188,1.12,15,0
basil,39.2,99,5.1,8.68,164,1.87,15,0
parsley,40.45,20,5.1,7.93,230,1.27,25,0
mint,46.15,14,9.4,8.58,227,0.79,15,0
rosemary,44.18,99,11.3,4.13,314,2.44,15,0
mint,15.14,38,3.8,5.92,74,2.08,45,0
lettuce,11.47,6,1.0,8.21,362,0.95,15,0
parsley,41.91,98,8.4,8.64,198,0.0,5,0
mint,15.76,49,4.3,6.59,111,1.67,40,0
basil,45.98,91,6.7,4.39,385,1.38,25,0
parsley,45.43,25,3.6,7.62,256,0.67,15,0
parsley,5.92,95,1.7,4.64,265,1.14,15,0
basil,32.99,60,5.2,6.87,100,1.48,45,0
lettuce,47.87,93,5.2,7.6,372,1.33,25,0
mint,46.92,96,6.3,7.64,365,0.82,15,0
lettuce,5.03,90,8.9,4.7,298,1.22,15,0
parsley,43.6,96,4.4,8.1,197,0.59,25,0
mint,42.51,11,2.1,4.78,236,1.67,15,0
rosemary,48.44,5,8.0,7.91,301,2.0,25,0
lettuce,6.89,93,8.9,3.83,311,0.83,15,0
rosemary,34.31,25,10.3,7.17,70,0.92,30,0
rosemary,10.5,93,8.2,4.13,366,1.26,15,0
mint,47.37,9,5.8,3.62,277,0.91,25,0
parsley,48.46,9,6.3,4.25,211,1.12,15,0
basil,10.75,99,5.6,3.84,376,1.03,15,0
lettuce,47.52,99,3.9,8.61,365,1.48,15,0
rosemary,9.41,8,2.5,4.87,229,0.4,5,0
rosemary,10.51,16,7.7,7.98,335,1.06,25,0
rosemary,10.88,6,11.4,4.57,335,0.84,15,0
parsley,17.41,34,4.4,6.6,69,1.33,40,0
rosemary,6.88,90,5.7,8.02,272,1.47,15,0
rosemary,43.26,99,8.2,8.48,174,0.37,5,0
parsley,15.46,87,6.1,6.2,92,1.56,45,0
lettuce,30.04,100,3.5,6.6,121,0.96,15,0
mint,30.77,91,3.4,6.51,110,1.85,30,0
mint,45.78,14,3.8,8.74,156,1.04,15,0
parsley,14.8,31,5.1,6.56,88,1.04,40,0
basil,15.69,68,8.2,6.89,78,0.31,45,0
mint,17.38,89,4.9,5.46,49,0.8,40,0
rosemary,49.76,90,6.8,4.38,381,1.89,25,0
mint,8.17,21,1.8,3.57,266,1.78,15,0
basil,10.57,94,3.4,4.35,320,1.48,15,0
basil,5.06,27,8.3,7.53,217,1.4,15,0
rosemary,47.48,10,10.8,7.42,337,2.26,15,0
mint,14.74,44,5.0,5.33,85,1.12,40,0
rosemary,40.98,99,6.8,7.62,157,1.37,25,0
basil,41.93,27,5.4,4.39,371,2.09,5,0
rosemary,8.76,17,5.4,4.35,216,0.5,15,0
rosemary,40.09,19,10.2,4.01,355,1.21,15,0
rosemary,45.52,19,4.1,7.49,263,1.04,15,0
parsley,16.57,35,5.3,5.23,98,0.13,30,0
parsley,40.21,29,6.4,3.72,306,2.17,5,0
basil,40.93,11,5.9,4.74,280,1.89,15,0
parsley,46.43,21,1.3,7.52,357,1.08,15,0
parsley,11.09,24,1.1,4.68,197,0.89,15,0
parsley,39.19,7,3.3,8.74,306,2.2,5,0
lettuce,6.75,14,5.2,3.52,191,1.22,25,0
lettuce,48.43,96,1.6,4.29,251,1.91,5,0
parsley,9.34,97,5.4,3.52,189,1.65,15,0
lettuce,8.5,5,5.7,4.64,186,0.06,15,0
mint,43.4,18,9.2,3.5,237,0.8,15,0
parsley,38.51,19,5.5,3.72,203,1.26,25,0
mint,9.18,10,0.0,8.0,298,0.31,5,0
mint,44.84,24,3.5,8.62,367,1.78,15,0
mint,8.96,6,3.4,7.89,272,0.65,15,0
parsley,41.94,98,2.9,4.69,262,1.09,15,0
mint,8.58,95,2.8,7.53,351,2.0,15,0
basil,6.57,11,6.9,3.96,342,1.26,25,0
basil,44.87,7,7.5,8.77,365,1.73,25,0
lettuce,5.14,21,7.1,7.39,239,0.18,5,0
mint,49.63,95,4.0,4.5,172,0.75,25,0
rosemary,38.59,92,5.9,4.23,293,2.53,5,0
basil,38.65,94,5.4,7.66,267,1.92,15,0
parsley,26.66,36,5.0,6.81,106,0.61,40,0
lettuce,11.68,100,5.9,5.41,94,1.21,40,0
lettuce,11.02,9,4.4,3.6,184,0.64,25,0
rosemary,5.62,16,7.0,4.7,382,1.41,25,0
basil,46.89,12,2.6,3.91,281,1.09,15,0
lettuce,13.97,91,5.7,6.53,105,1.59,30,0
rosemary,6.21,5,8.2,8.71,172,1.5,15,0
mint,11.02,99,6.0,4.53,269,1.42,25,0
mint,9.18,17,8.8,3.7,365,1.63,15,0
mint,7.75,94,8.5,4.58,172,0.71,15,0
mint,15.37,47,4.3,5.82,126,0.99,50,0
basil,48.39,97,8.6,8.75,386,1.02,15,0
parsley,39.05,99,3.8,4.39,157,1.72,5,0
lettuce,46.76,6,0.0,7.75,195,1.21,15,0
lettuce,29.24,49,5.9,6.88,96,0.49,40,0
mint,42.1,16,1.1,7.67,285,0.3,5,0
rosemary,10.22,96,2.1,7.42,212,0.89,15,0
lettuce,42.94,12,4.9,3.68,306,1.09,25,0
mint,7.96,94,5.4,7.34,171,0.41,25,0
basil,44.3,99,11.5,3.81,321,0.81,15,0
rosemary,11.07,94,6.0,4.54,330,1.96,25,0
mint,43.46,5,5.5,4.15,260,0.89,25,0
lettuce,7.22,91,5.8,7.34,333,0.25,15,0
basil,41.2,92,5.6,3.54,195,0.6,15,0
mint,5.84,91,4.2,3.93,300,1.24,25,0
lettuce,46.74,29,4.1,8.29,352,0.71,25,0
mint,42.93,99,2.0,3.78,329,0.89,15,0
basil,43.42,5,9.6,7.52,362,0.71,15,0
mint,43.75,98,3.2,3.97,187,1.08,15,0
mint,48.18,28,2.7,7.63,227,1.14,15,0
mint,8.34,96,2.8,8.47,346,1.43,15,0
lettuce,6.7,18,7.5,8.6,293,0.27,5,0
mint,48.65,21,5.1,8.68,245,1.51,25,0
lettuce,28.75,92,6.1,6.6,104,0.0,20,0
basil,44.31,99,9.1,4.64,264,1.64,15,0
basil,5.68,7,9.0,4.23,398,1.51,15,0
parsley,7.4,93,3.8,7.73,399,0.99,15,0
lettuce,41.52,21,4.9,8.72,188,0.45,25,0
basil,10.23,6,5.2,8.21,396,0.35,15,0
mint,10.85,5,4.7,7.74,327,0.95,25,0
parsley,23.27,85,6.1,6.57,46,0.61,50,0
rosemary,8.9,98,5.4,4.48,155,0.48,5,0
lettuce,5.86,26,5.9,8.85,187,0.09,15,0
basil,5.38,93,2.2,8.52,209,1.06,15,0
mint,31.67,93,4.5,5.18,84,0.97,40,0
lettuce,44.08,94,4.7,3.94,309,0.71,25,0
rosemary,48.29,25,5.9,8.18,307,1.05,15,0
parsley,6.19,91,3.4,4.53,172,1.97,5,0
basil,46.73,93,8.5,4.26,364,0.87,15,0
basil,45.65,96,6.7,4.78,396,1.09,25,0
lettuce,45.14,93,9.3,4.87,384,0.0,5,0
basil,11.31,24,7.6,7.6,230,1.43,25,0
basil,47.66,93,7.4,3.56,322,1.32,25,0
lettuce,10.0,87,5.1,6.22,126,0.25,40,0
lettuce,39.43,8,5.3,7.65,351,1.89,15,0
basil,45.53,22,7.2,8.02,311,1.97,25,0
lettuce,7.2,20,3.9,7.74,228,1.17,15,0
mint,44.41,14,6.5,3.89,296,1.23,15,0
mint,11.1,21,5.6,8.87,186,1.88,25,0
rosemary,16.85,32,8.4,7.29,60,2.03,30,0
rosemary,9.51,17,8.3,4.31,350,1.62,15,0
basil,39.21,9,7.8,8.14,342,1.51,25,0
lettuce,27.85,30,5.4,6.24,132,0.61,50,0
parsley,14.74,81,4.9,5.37,109,1.42,40,0
parsley,17.27,90,7.3,5.47,68,1.14,30,0
rosemary,45.43,91,7.0,4.17,229,0.97,25,0
basil,18.93,53,8.3,6.82,79,1.38,45,0
mint,45.38,90,7.1,8.31,337,1.9,15,0
rosemary,18.05,28,5.6,7.1,87,0.99,30,0
parsley,5.03,18,7.2,8.83,234,1.27,15,0
rosemary,5.86,90,5.7,8.1,223,1.51,15,0
parsley,10.75,99,1.8,8.26,159,1.13,15,0
lettuce,38.66,16,4.8,4.82,229,0.48,25,0
mint,9.67,98,7.6,7.68,228,0.83,15,0
lettuce,47.11,96,5.1,7.54,174,0.69,25,0
basil,40.67,12,7.9,7.59,188,1.73,25,0
rosemary,39.06,26,8.8,8.14,396,1.51,15,0
rosemary,9.02,24,7.1,7.69,274,1.28,25,0
lettuce,38.72,98,1.7,4.09,159,1.2,15,0
basil,47.82,24,5.5,3.6,352,1.43,15,0
basil,6.65,14,6.3,7.68,314,1.53,25,0
parsley,15.05,87,5.3,5.13,78,1.49,40,0
lettuce,7.05,96,5.4,4.88,268,1.6,15,0
basil,6.13,94,9.1,8.72,389,1.28,15,0
rosemary,7.43,6,8.8,7.36,349,0.57,15,0
mint,49.55,8,5.4,8.61,291,1.51,25,0
rosemary,6.3,15,6.4,4.23,350,2.26,25,0
lettuce,9.73,96,5.2,3.94,330,0.87,25,0
basil,18.96,76,7.6,6.97,45,1.62,40,0
basil,42.58,94,6.5,7.53,277,1.8,25,0
mint,9.51,98,4.3,8.84,209,1.51,25,0
parsley,49.56,98,4.2,7.41,218,1.04,25,0
basil,6.44,16,4.5,4.31,187,0.86,15,0
parsley,10.26,94,6.3,4.79,262,1.39,15,0
lettuce,10.89,93,7.6,7.98,228,1.16,15,0
parsley,6.51,90,7.5,8.19,300,1.94,5,0
basil,40.63,94,9.2,7.72,364,0.48,15,0
basil,9.65,25,8.8,8.49,182,0.29,5,0
rosemary,19.24,35,7.4,7.05,106,1.75,40,0
lettuce,10.5,94,4.6,4.1,160,0.57,25,0
lettuce,42.5,17,5.7,7.73,274,2.01,15,0
mint,10.41,95,6.9,4.23,226,1.4,15,0
mint,44.59,5,0.9,3.67,240,0.24,5,0
rosemary,5.11,95,6.8,8.93,196,1.19,25,0
mint,43.99,6,1.3,8.79,203,0.22,5,0
parsley,49.4,91,5.3,4.42,353,1.29,25,0
basil,6.63,92,7.9,4.83,383,1.85,25,0
mint,48.21,99,4.7,8.18,316,0.94,25,0
parsley,7.34,7,7.5,4.02,318,1.07,15,0
basil,49.54,90,7.0,8.42,193,1.25,25,0
lettuce,42.6,21,5.6,7.77,176,0.62,25,0
mint,11.75,93,4.9,5.19,39,0.27,30,0
lettuce,22.8,90,6.4,5.21,114,0.78,50,0
lettuce,49.68,90,4.3,8.44,238,1.18,25,0
parsley,8.13,93,3.8,7.97,383,1.17,15,0
basil,45.88,19,4.2,4.46,233,2.01,5,0
lettuce,45.66,93,1.4,8.16,222,1.25,15,0
lettuce,41.14,29,2.6,8.85,297,0.7,15,0
parsley,45.73,24,4.0,4.37,205,0.63,25,0
rosemary,48.82,95,9.7,4.29,254,1.56,15,0
parsley,43.14,28,4.6,7.75,295,0.33,25,0
mint,7.2,8,7.2,4.22,227,0.69,15,0
mint,13.61,98,5.5,6.08,131,1.33,50,0
parsley,49.89,12,3.7,4.75,165,1.44,15,0
parsley,41.74,94,6.7,3.63,306,0.71,15,0
lettuce,8.1,5,2.2,8.76,367,0.0,5,0
parsley,42.59,94,4.8,7.53,277,1.61,15,0
basil,39.36,15,5.8,3.67,209,0.57,15,0
mint,30.7,92,5.2,5.04,112,0.78,40,0
lettuce,46.9,14,6.9,8.08,266,0.21,5,0
rosemary,29.57,79,8.5,5.94,93,2.31,50,0
basil,11.33,94,7.5,4.69,338,0.24,15,0
basil,5.88,93,6.6,3.88,388,1.57,25,0
lettuce,40.83,13,2.5,4.4,195,1.61,5,0
parsley,6.74,9,5.2,4.66,328,0.43,25,0
rosemary,45.17,98,8.2,4.78,322,0.49,5,0
lettuce,29.92,88,4.4,7.31,48,0.8,40,0
basil,6.0,98,7.3,4.2,239,0.34,25,0
parsley,44.85,96,5.4,3.97,229,0.63,25,0
basil,40.69,6,2.4,4.62,321,0.85,15,0
rosemary,40.61,97,6.5,8.33,300,1.19,25,0
parsley,6.24,27,6.2,7.66,229,0.09,5,0
mint,5.09,18,0.9,8.73,212,0.42,15,0
basil,8.82,28,7.1,8.95,227,1.74,25,0
parsley,44.82,97,3.2,4.52,317,0.35,15,0
lettuce,5.31,94,1.3,4.24,268,1.5,15,0
basil,6.62,92,9.0,7.44,323,1.46,15,0
basil,48.43,26,5.9,7.86,219,1.48,15,0
rosemary,41.59,93,9.6,7.51,288,1.55,15,0
parsley,45.08,92,0.0,3.53,248,0.0,5,0
rosemary,10.04,96,11.0,4.74,340,1.88,15,0
parsley,6.37,95,4.7,4.52,212,0.62,25,0
parsley,43.73,14,4.7,7.45,352,0.85,25,0
rosemary,6.75,93,7.5,4.64,320,1.36,25,0
lettuce,6.64,21,3.1,8.43,189,1.35,15,0
mint,10.58,82,2.9,6.74,111,1.33,30,0
mint,10.16,92,5.2,4.77,316,1.31,25,0
rosemary,6.51,92,7.2,7.69,299,0.64,25,0
mint,44.67,10,7.5,4.15,281,1.27,15,0
basil,6.72,90,3.7,4.07,209,1.62,15,0
lettuce,31.58,86,3.8,6.33,65,1.66,45,0
rosemary,46.29,94,5.2,8.56,325,2.19,15,0
rosemary,6.38,92,6.9,8.41,166,2.26,25,0
lettuce,17.4,86,3.5,6.57,53,1.57,40,0
lettuce,5.84,98,3.5,3.56,345,1.07,15,0
rosemary,11.04,93,7.1,4.28,239,1.75,25,0
lettuce,11.1,95,6.1,4.36,367,1.94,5,0
mint,46.0,90,5.2,3.58,393,0.67,25,0
parsley,10.47,24,3.6,8.5,222,2.11,5,0
rosemary,47.51,97,7.8,4.08,174,2.51,15,0
rosemary,5.73,16,5.5,3.8,281,0.85,15,0
parsley,9.69,97,7.5,4.33,344,0.71,15,0
lettuce,49.4,99,8.7,7.79,203,1.51,5,0
lettuce,39.17,94,3.1,8.97,376,0.85,15,0
rosemary,16.3,31,9.0,7.33,77,1.08,30,0
parsley,26.89,84,7.9,5.39,71,1.49,30,0
basil,46.55,91,4.5,4.67,176,1.76,15,0
basil,9.22,92,7.6,4.11,386,0.71,25,0
parsley,40.56,13,7.5,7.32,264,0.46,15,0
rosemary,6.59,93,8.8,4.85,309,1.81,15,0
parsley,38.59,7,6.8,4.81,292,0.11,5,0
parsley,7.82,96,5.0,7.48,205,0.08,15,0
rosemary,11.31,94,3.3,7.52,271,1.98,15,0
parsley,47.18,18,6.1,3.57,267,1.18,15,0
basil,5.18,95,10.1,7.55,382,1.9,15,0
basil,41.86,29,6.0,8.35,303,1.11,25,0
basil,47.32,7,10.2,8.74,192,1.33,15,0
parsley,7.68,29,2.2,8.3,354,0.77,15,0
rosemary,38.78,93,8.7,4.18,258,1.32,15,0
mint,5.46,91,5.4,8.54,167,0.3,15,0
parsley,39.94,96,5.0,4.79,221,0.61,25,0
parsley,49.29,5,7.4,3.55,251,1.53,5,0
rosemary,8.68,14,6.5,7.59,327,1.78,25,0
parsley,42.03,90,5.7,3.93,391,0.04,15,0
lettuce,48.53,15,3.9,8.24,221,1.41,15,0
parsley,11.52,81,5.5,6.57,63,0.9,40,0
lettuce,43.14,6,2.5,3.73,241,0.63,15,0
rosemary,6.2,90,4.5,3.81,237,1.35,15,0
mint,43.58,93,1.6,8.49,378,1.07,15,0
rosemary,19.9,84,7.9,7.3,84,1.06,40,0
lettuce,6.74,90,1.3,7.61,282,0.75,15,0
lettuce,13.26,40,3.3,6.55,74,0.95,30,0
lettuce,6.39,91,5.6,8.14,313,1.6,15,0
parsley,8.12,19,4.0,7.39,334,0.61,25,0
lettuce,45.91,9,4.9,8.23,217,0.8,25,0
rosemary,44.67,21,6.8,7.97,260,1.73,25,0
lettuce,9.77,94,4.3,3.56,215,2.49,15,0
parsley,5.42,98,0.6,8.38,366,1.05,15,0
lettuce,10.84,43,5.2,6.58,103,1.42,40,0
basil,6.25,28,6.3,8.5,328,1.29,25,0
mint,48.01,24,7.4,4.87,171,2.14,5,0
mint,9.36,13,4.3,3.56,277,0.85,25,0
mint,30.0,47,5.6,6.64,95,1.63,40,0
parsley,43.89,96,7.1,3.57,211,0.66,15,0
basil,8.72,91,10.6,8.89,306,0.83,15,0
lettuce,9.16,32,3.8,6.15,132,0.7,40,0
rosemary,29.64,70,5.5,5.84,78,0.85,50,0
basil,39.77,94,7.4,7.72,180,0.95,25,0
lettuce,39.46,99,4.8,3.74,176,1.99,15,0
parsley,15.54,47,4.0,5.48,63,0.97,40,0
basil,38.54,21,3.8,4.28,171,1.63,15,0
lettuce,44.72,7,3.3,8.81,305,1.13,15,0
parsley,10.61,99,3.1,7.73,271,0.6,15,0
lettuce,39.29,91,0.1,8.49,286,0.42,15,0
mint,41.89,93,4.6,4.16,207,1.54,25,0
rosemary,46.27,97,6.8,8.04,303,1.15,25,0
parsley,47.04,98,6.9,3.67,238,0.97,15,0
rosemary,9.95,90,6.0,4.03,243,1.1,25,0
lettuce,42.72,7,5.4,4.48,185,0.0,15,0
basil,5.96,90,2.1,7.8,344,1.64,15,0
basil,9.55,18,4.5,4.84,381,1.42,15,0
basil,9.05,97,7.2,8.28,306,0.46,25,0
basil,7.24,17,12.1,4.55,209,1.79,15,0
parsley,7.27,8,5.1,3.79,312,1.45,25,0
rosemary,47.59,95,7.8,4.87,204,2.21,25,0
lettuce,8.2,93,6.5,4.04,390,1.69,5,0
mint,27.78,81,6.1,6.56,72,1.09,50,0
basil,5.78,6,6.3,7.33,353,1.22,25,0
lettuce,8.09,18,6.7,4.45,238,0.62,15,0
lettuce,13.59,41,5.9,6.59,72,1.23,40,0
lettuce,7.01,14,9.3,4.15,393,1.0,15,0
basil,41.58,97,8.6,4.52,300,0.7,15,0
parsley,44.22,90,3.5,4.02,229,1.33,15,0
lettuce,40.69,29,3.0,7.75,204,0.92,15,0
basil,11.32,91,6.1,4.31,318,2.04,15,0
lettuce,5.9,99,3.4,4.23,209,0.91,15,0
lettuce,6.95,13,3.5,3.59,197,1.47,15,0
rosemary,10.52,7,6.7,4.09,184,1.16,25,0
mint,10.2,14,6.7,4.44,342,0.95,15,0
parsley,5.03,92,6.5,8.3,225,0.0,5,0
parsley,41.91,27,2.3,8.25,349,0.84,15,0
parsley,49.62,28,4.1,4.74,305,1.5,25,0
rosemary,6.85,20,6.5,8.78,264,0.63,25,0
parsley,8.13,93,3.8,8.49,199,1.65,5,0
rosemary,5.29,8,5.6,4.6,326,1.42,15,0
basil,5.72,17,10.4,3.53,382,1.92,15,0
lettuce,13.47,92,6.4,6.23,89,0.96,55,1
rosemary,14.44,31,7.1,6.58,74,2.14,65,1
lettuce,14.95,84,4.2,6.05,64,0.56,65,1
parsley,15.7,41,6.3,5.52,24,1.1,55,1
rosemary,34.66,56,5.8,6.62,60,0.96,70,1
mint,12.66,85,6.7,6.22,78,0.97,55,1
lettuce,14.56,95,3.5,6.02,88,1.0,55,1
mint,30.51,42,2.9,6.5,71,0.79,55,1
lettuce,12.02,96,4.4,5.97,101,1.74,55,1
rosemary,33.42,69,6.2,6.13,104,1.61,65,1
parsley,14.51,44,5.3,5.75,112,1.08,65,1
lettuce,9.4,33,4.7,5.55,32,0.13,55,1
mint,19.66,48,4.8,6.46,132,1.37,70,1
lettuce,14.73,35,3.9,5.87,48,0.85,55,1
basil,32.31,87,7.5,5.56,67,1.65,65,1
mint,30.43,48,6.7,6.21,76,1.22,55,1
basil,15.86,45,6.0,6.59,68,1.24,65,1
basil,18.16,94,6.2,5.71,34,1.6,65,1
rosemary,17.54,15,5.8,6.06,112,1.26,55,1
parsley,26.0,74,3.7,6.19,97,0.82,70,1
lettuce,14.42,86,4.9,6.42,83,0.71,65,1
basil,30.26,77,6.0,6.27,96,1.49,65,1
rosemary,16.34,25,5.4,6.53,86,2.28,55,1
rosemary,32.26,76,6.6,6.92,69,0.83,65,1
basil,35.95,77,8.0,6.49,63,0.47,65,1
lettuce,28.46,47,4.9,6.45,81,0.0,55,1
basil,17.7,95,8.3,6.78,99,1.4,55,1
lettuce,11.99,17,4.2,6.16,47,1.38,65,1
lettuce,28.06,88,2.6,6.03,88,0.71,55,1
rosemary,31.37,75,8.3,6.58,89,1.73,55,1
mint,34.12,97,6.2,5.99,97,1.31,55,1
lettuce,11.06,93,5.9,5.95,78,1.34,65,1
parsley,13.2,90,5.8,6.34,86,0.74,65,1
mint,29.4,95,5.6,6.27,90,0.83,65,1
lettuce,12.52,35,4.9,6.25,89,0.39,65,1
rosemary,19.45,38,8.3,6.21,84,1.26,55,1
lettuce,27.18,87,4.0,6.41,70,0.58,65,1
mint,21.22,83,5.5,6.62,76,1.25,60,1
basil,19.88,74,7.7,5.82,85,0.11,55,1
parsley,26.97,35,4.2,6.44,54,0.95,65,1
lettuce,12.16,44,2.4,6.29,80,0.6,55,1
rosemary,16.0,75,7.0,6.19,46,1.43,65,1
rosemary,17.13,25,7.3,6.51,114,1.47,65,1
basil,15.37,79,5.4,5.88,107,0.76,55,1
basil,17.15,34,8.7,6.55,64,1.42,55,1
lettuce,26.67,92,5.2,6.15,97,1.67,55,1
parsley,30.59,87,4.6,6.07,106,0.72,65,1
parsley,18.42,34,5.4,6.62,79,1.21,60,1
basil,19.18,46,8.1,6.52,84,1.34,55,1
mint,11.29,39,5.0,5.67,54,1.04,65,1
lettuce,31.09,45,2.9,5.79,100,0.74,55,1
basil,18.33,75,7.1,6.51,114,1.72,65,1
rosemary,34.75,24,7.0,6.04,128,0.81,65,1
rosemary,17.89,14,6.5,6.9,109,0.95,65,1
rosemary,16.45,38,9.2,6.63,118,1.41,55,1
rosemary,31.24,13,8.1,6.65,52,1.0,55,1
lettuce,27.21,100,6.4,5.71,48,0.7,55,1
basil,19.16,78,9.7,6.76,96,1.53,55,1
rosemary,17.04,73,6.2,6.7,36,1.0,65,1
rosemary,13.1,29,8.0,7.0,61,1.58,65,1
lettuce,27.62,33,6.7,5.87,82,0.53,55,1
parsley,17.16,95,5.7,5.62,28,1.04,65,1
parsley,25.63,81,4.1,5.69,79,0.76,65,1
rosemary,17.45,32,8.1,6.68,74,1.11,55,1
basil,19.09,73,7.7,5.92,82,1.01,65,1
rosemary,20.83,37,6.2,5.67,94,1.32,60,1
parsley,26.97,40,7.0,6.49,56,0.62,55,1
parsley,10.37,89,2.9,6.2,116,1.25,55,1
rosemary,32.69,36,6.7,6.99,63,1.33,65,1
rosemary,16.85,73,8.8,6.44,72,2.12,55,1
parsley,14.53,48,6.1,5.74,77,1.03,55,1
rosemary,33.57,73,5.5,6.73,79,1.75,55,1
rosemary,17.53,73,9.6,6.78,73,2.36,55,1
parsley,13.54,37,4.1,6.36,77,0.24,55,1
lettuce,26.42,28,5.7,5.91,67,0.66,65,1
mint,15.13,100,6.4,6.49,94,1.1,55,1
basil,17.55,81,7.1,6.26,73,1.04,65,1
rosemary,19.13,78,7.5,6.95,92,0.93,65,1
parsley,26.97,46,4.7,6.21,51,1.28,65,1
rosemary,17.3,32,7.8,6.28,33,1.38,65,1
mint,30.47,29,3.8,6.22,108,1.02,55,1
mint,15.83,38,4.7,5.91,24,0.91,65,1
lettuce,27.52,49,3.9,6.38,104,1.0,55,1
parsley,28.79,74,4.3,5.37,62,0.7,55,1
rosemary,13.41,76,8.5,6.72,78,1.62,55,1
parsley,25.1,80,4.8,6.41,80,0.47,65,1
rosemary,32.35,81,6.0,6.26,92,1.49,65,1
rosemary,15.82,74,9.1,6.94,55,1.21,55,1
parsley,16.34,48,4.0,6.08,72,1.0,65,1
lettuce,6.77,33,4.6,5.75,98,1.18,65,1
basil,31.15,47,8.7,6.33,42,1.15,55,1
parsley,15.09,91,6.4,6.29,77,0.95,55,1
parsley,25.51,87,4.6,6.17,81,0.72,65,1
parsley,15.08,77,5.2,5.6,73,1.58,55,1
lettuce,11.49,100,5.6,6.22,52,1.76,55,1
lettuce,13.12,43,4.7,5.63,57,1.22,65,1
basil,18.87,49,7.4,6.25,89,1.46,65,1
mint,28.44,54,4.4,5.72,59,1.73,65,1
parsley,29.45,42,5.9,6.18,52,0.97,65,1
rosemary,18.31,82,7.9,6.06,77,1.82,65,1
parsley,15.37,76,4.3,6.48,68,0.45,65,1
rosemary,33.73,72,7.7,6.53,95,1.66,65,1
basil,32.1,73,9.9,5.58,76,1.2,55,1
parsley,32.77,100,6.0,5.94,47,0.8,65,1
mint,33.23,45,5.5,6.45,92,0.49,65,1
parsley,18.64,86,4.8,5.49,68,0.51,60,1
rosemary,20.81,44,9.2,7.01,83,1.64,65,1
parsley,23.46,47,2.2,6.05,91,0.22,65,1
parsley,26.6,73,5.4,5.48,48,1.29,55,1
mint,30.1,54,6.2,6.47,86,1.34,55,1
basil,30.77,85,8.4,6.8,107,0.42,55,1
lettuce,13.58,35,4.9,5.94,84,0.63,65,1
basil,16.06,26,7.4,6.78,96,1.56,65,1
mint,17.09,37,4.1,5.85,88,0.75,65,1
parsley,17.84,78,5.4,5.97,65,0.85,65,1
lettuce,11.78,75,4.6,6.57,87,0.86,55,1
basil,29.52,44,8.3,6.16,131,0.88,60,1
lettuce,11.04,46,9.5,6.49,65,0.63,55,1
lettuce,27.23,38,7.5,5.59,83,1.4,55,1
mint,11.79,40,4.9,5.77,66,0.81,65,1
basil,17.31,41,6.4,5.97,84,1.13,65,1
lettuce,13.79,93,4.7,6.07,106,1.49,65,1
parsley,13.1,38,5.8,5.87,118,0.68,65,1
lettuce,12.41,100,6.2,5.98,95,0.86,55,1
rosemary,30.25,80,5.9,6.37,88,1.37,55,1
parsley,15.81,80,5.2,6.46,76,0.64,65,1
rosemary,31.75,28,8.5,6.36,89,1.81,55,1
parsley,14.98,98,5.9,6.27,72,1.07,65,1
rosemary,32.51,33,8.1,6.24,100,1.24,55,1
basil,33.35,83,6.0,5.67,71,0.58,65,1
basil,34.14,27,6.2,6.46,40,0.54,65,1
rosemary,16.99,83,9.1,6.11,50,1.5,55,1
basil,16.63,38,7.3,6.03,94,0.56,65,1
parsley,28.46,57,3.9,5.98,118,0.82,70,1
lettuce,25.86,91,4.7,5.51,94,1.33,65,1
basil,30.99,96,7.9,5.56,74,0.92,65,1
mint,15.66,49,5.6,6.37,91,1.63,65,1
basil,18.66,78,4.3,5.9,114,1.32,55,1
mint,30.21,33,3.5,6.45,105,1.16,55,1
lettuce,31.03,97,6.8,5.65,114,0.93,55,1
parsley,28.45,80,5.6,5.92,82,0.7,65,1
lettuce,29.69,88,3.8,5.7,64,0.71,55,1
lettuce,12.75,33,3.7,6.3,102,1.26,55,1
basil,16.44,57,5.0,6.43,64,1.05,70,1
lettuce,14.09,93,5.0,6.11,52,1.03,65,1
basil,16.71,81,6.6,6.15,35,0.22,55,1
parsley,12.94,99,5.7,5.82,102,0.93,65,1
mint,32.54,51,5.9,5.62,97,1.25,65,1
lettuce,9.32,34,5.4,5.81,86,0.44,65,1
basil,31.74,80,7.8,6.61,106,1.06,65,1
basil,14.48,88,5.5,5.52,69,0.78,55,1
rosemary,16.85,73,8.5,6.55,41,0.73,55,1
parsley,27.57,80,4.4,6.2,68,0.64,65,1
parsley,12.33,92,5.2,6.46,116,0.77,65,1
lettuce,28.36,37,4.8,6.31,74,0.94,65,1
lettuce,26.82,33,1.9,6.0,111,0.83,55,1
lettuce,30.68,40,5.4,6.3,100,0.83,65,1
parsley,16.97,87,5.3,6.34,31,1.47,65,1
rosemary,20.81,76,6.4,5.82,85,1.86,60,1
rosemary,35.54,31,5.5,6.82,53,1.96,55,1
mint,13.85,30,4.7,6.3,94,1.48,65,1
basil,36.51,34,6.5,6.06,46,1.71,65,1
mint,14.62,44,3.0,5.5,86,1.93,55,1
basil,19.32,45,8.2,5.67,58,1.14,55,1
lettuce,12.36,86,4.9,6.25,86,1.05,65,1
parsley,15.02,80,7.0,5.93,101,0.88,55,1
rosemary,20.37,74,6.9,5.94,54,1.68,60,1
mint,13.38,50,6.7,5.67,77,1.08,55,1
basil,18.4,81,8.5,6.1,96,0.8,55,1
lettuce,29.68,33,5.8,5.92,72,0.54,65,1
rosemary,31.3,31,8.1,6.86,81,1.81,55,1
parsley,15.2,24,3.2,5.58,48,0.65,55,1
lettuce,11.95,85,4.2,6.12,62,1.48,65,1
basil,31.39,92,7.9,6.57,56,1.15,65,1
mint,15.13,44,5.6,5.84,61,1.13,65,1
basil,30.28,44,8.2,6.68,120,1.11,55,1
mint,13.8,55,6.8,5.53,80,1.26,70,1
rosemary,31.82,29,6.5,6.38,58,1.23,65,1
basil,35.31,89,6.6,6.19,71,1.26,65,1
parsley,25.36,57,4.8,6.54,54,0.81,55,1
parsley,24.26,38,5.0,6.78,73,1.0,60,1
mint,17.07,90,4.2,6.46,74,1.38,65,1
basil,36.66,41,8.3,5.5,103,1.66,55,1
mint,31.68,46,5.5,5.95,78,1.95,65,1
parsley,15.85,30,6.6,5.79,67,1.12,55,1
basil,18.38,26,7.5,6.77,97,1.11,65,1
basil,14.42,45,6.8,6.44,47,1.17,65,1
mint,32.29,96,4.7,6.47,66,1.48,65,1
rosemary,31.76,75,8.2,6.48,45,1.64,55,1
parsley,17.06,81,6.7,5.85,105,0.86,55,1
rosemary,17.78,59,8.1,6.28,77,1.79,70,1
basil,17.2,78,7.2,6.0,88,0.94,65,1
mint,28.97,88,5.4,5.82,89,1.39,65,1
rosemary,31.42,66,4.8,6.07,65,1.09,55,1
rosemary,31.36,31,6.4,6.21,83,1.56,65,1
mint,31.36,89,4.3,5.65,77,0.64,65,1
parsley,24.75,35,5.1,5.45,79,1.41,60,1
parsley,13.55,35,5.1,6.5,113,1.52,55,1
mint,13.91,35,5.6,5.87,67,1.54,65,1
lettuce,7.36,88,4.3,6.28,90,0.42,65,1
lettuce,26.19,40,4.6,5.95,92,0.62,65,1
rosemary,33.53,17,5.6,6.15,56,1.46,55,1
mint,28.74,100,5.1,6.39,93,0.89,65,1
rosemary,18.51,72,7.2,6.35,39,0.88,65,1
basil,15.95,37,6.9,6.53,64,1.08,65,1
lettuce,13.51,47,6.0,6.27,71,1.28,65,1
lettuce,27.64,49,5.5,6.36,46,0.24,55,1
lettuce,31.57,44,4.1,6.05,79,1.02,65,1
mint,29.31,33,4.2,6.35,83,1.73,65,1
mint,28.42,95,3.3,6.03,87,1.36,55,1
mint,33.99,87,7.7,6.24,58,1.34,55,1
parsley,26.44,56,3.5,6.24,65,1.13,70,1
mint,18.14,42,4.7,5.46,112,1.02,60,1
basil,15.37,36,9.3,5.69,85,0.41,55,1
basil,32.04,76,8.8,5.82,125,1.04,55,1
lettuce,26.26,43,3.9,5.67,70,0.76,55,1
lettuce,11.26,47,6.2,6.5,72,0.79,55,1
lettuce,12.09,29,5.2,6.06,120,0.36,65,1
lettuce,8.01,95,3.2,6.47,103,0.83,55,1
basil,16.62,42,5.2,5.97,83,1.27,55,1
rosemary,14.36,28,4.2,6.85,61,1.52,55,1
rosemary,33.89,37,4.5,6.53,44,1.77,55,1
lettuce,26.52,79,7.9,5.98,90,0.25,60,1
lettuce,10.19,85,6.0,6.26,57,0.47,65,1
parsley,27.88,38,5.1,6.27,74,0.82,65,1
rosemary,30.07,43,8.1,6.3,27,1.65,70,1
basil,30.32,94,8.5,6.03,58,1.37,55,1
basil,33.37,67,8.3,5.73,28,1.21,70,1
parsley,27.18,74,3.8,5.93,92,1.23,70,1
mint,21.84,31,5.3,6.52,54,1.12,60,1
parsley,27.48,83,4.1,6.24,44,0.43,65,1
mint,28.24,95,6.1,6.2,93,1.49,55,1
basil,13.29,77,8.1,6.33,88,1.27,55,1
mint,28.29,53,7.8,5.72,91,0.87,55,1
rosemary,16.77,25,8.5,6.52,89,1.54,55,1
lettuce,29.8,40,3.4,5.98,99,1.34,55,1
basil,19.11,42,6.8,5.63,93,1.49,65,1
rosemary,18.63,26,6.2,6.14,46,0.93,65,1
mint,12.82,47,4.6,5.87,100,1.29,65,1
rosemary,19.99,67,6.5,6.0,65,1.48,65,1
mint,33.43,36,3.9,5.94,71,0.57,55,1
lettuce,27.12,86,6.8,5.88,54,1.2,55,1
lettuce,27.47,87,5.5,5.7,76,0.69,65,1
lettuce,28.15,100,4.0,5.81,69,0.7,65,1
mint,14.6,49,3.6,5.9,88,0.67,55,1
mint,29.16,81,7.2,5.83,95,1.4,55,1
mint,14.06,87,5.7,5.53,98,1.19,65,1
parsley,13.08,92,5.2,6.19,55,1.08,65,1
mint,16.53,41,5.7,6.23,97,0.84,65,1
parsley,16.89,37,6.4,6.37,68,0.75,55,1
parsley,22.42,28,4.2,5.37,95,1.29,60,1
basil,34.67,86,6.8,5.93,27,1.29,65,1
basil,32.58,71,7.2,6.31,20,1.42,65,1
parsley,10.9,38,4.5,6.49,90,0.78,65,1
parsley,26.14,43,3.6,5.6,76,1.03,55,1
lettuce,11.29,35,5.4,6.33,44,0.5,65,1
parsley,14.79,73,7.1,5.75,71,1.43,70,1
parsley,12.56,92,5.3,6.26,81,0.72,65,1
lettuce,14.93,33,7.9,5.9,21,0.53,55,1
basil,18.83,81,6.4,6.22,74,0.71,65,1
lettuce,14.44,99,4.3,5.96,60,1.02,65,1
basil,18.6,90,6.7,5.97,63,1.53,65,1
mint,16.1,93,6.6,6.32,94,1.33,55,1
rosemary,18.45,36,7.3,6.64,110,1.3,65,1
parsley,31.02,44,5.7,6.15,53,0.46,65,1
rosemary,31.62,75,7.2,6.97,87,1.3,65,1
basil,32.24,75,7.3,5.53,99,0.81,65,1
parsley,15.22,71,7.1,5.76,52,1.64,60,1
lettuce,10.27,94,3.9,6.29,81,1.06,55,1
parsley,29.6,85,3.7,6.09,75,1.42,55,1
mint,32.44,94,5.2,6.19,72,0.41,65,1
parsley,15.92,44,5.1,5.87,93,0.99,65,1
basil,21.38,26,7.3,6.85,46,0.87,60,1
rosemary,32.49,80,9.4,6.01,90,1.62,55,1
rosemary,31.42,69,6.1,6.76,126,1.35,65,1
basil,27.52,29,8.1,6.72,137,0.95,60,1
lettuce,30.5,81,6.0,6.02,81,1.03,65,1
mint,18.62,45,6.0,5.24,90,1.41,60,1
basil,13.51,93,6.8,5.61,70,1.7,65,1
lettuce,7.38,35,7.5,6.26,68,0.72,55,1
rosemary,16.58,39,6.8,6.22,37,1.34,65,1
basil,32.54,42,6.8,6.79,74,1.39,65,1
basil,32.72,86,7.1,6.09,77,1.16,65,1
basil,19.73,18,7.6,5.67,73,0.66,65,1
lettuce,13.73,81,3.5,6.2,92,1.36,55,1
rosemary,34.51,47,7.1,6.81,143,1.29,65,1
lettuce,25.4,89,3.5,6.2,84,1.24,55,1
lettuce,12.17,35,5.7,6.2,115,1.18,65,1
rosemary,32.76,20,8.0,6.78,78,1.28,65,1
basil,28.67,79,4.0,5.96,48,0.26,65,1
lettuce,13.97,38,4.2,5.85,101,0.92,65,1
rosemary,19.18,79,7.3,6.97,84,1.82,65,1
parsley,14.97,38,6.7,6.13,68,1.46,55,1
mint,14.21,83,4.1,5.94,50,1.63,65,1
parsley,12.87,36,3.3,6.18,68,1.47,55,1
basil,32.0,42,5.1,6.35,79,1.62,55,1
lettuce,12.91,86,5.3,6.27,50,0.17,55,1
basil,18.53,81,5.4,6.25,87,0.76,55,1
parsley,12.42,34,4.0,6.31,91,0.58,65,1
parsley,29.51,25,5.5,6.47,29,0.0,55,1
basil,32.19,39,8.6,5.98,70,0.91,55,1
mint,12.54,86,4.1,6.18,69,1.38,65,1
basil,33.84,41,7.3,6.67,78,0.45,65,1
mint,14.62,41,3.5,5.67,107,0.57,55,1
parsley,28.06,40,5.0,5.75,95,1.26,65,1
rosemary,33.69,45,6.8,5.8,49,1.32,55,1
rosemary,19.89,22,8.2,6.1,100,1.6,55,1
basil,34.58,35,5.8,5.95,69,1.17,55,1
mint,28.26,86,5.1,6.17,81,1.53,65,1
rosemary,32.19,82,7.4,6.1,39,1.32,65,1
parsley,26.13,30,5.2,5.88,84,0.77,65,1
lettuce,15.38,99,3.5,6.02,122,0.6,60,1
basil,17.2,34,8.4,6.01,72,1.54,55,1
basil,12.85,85,6.6,6.05,123,0.92,65,1
rosemary,36.69,41,6.0,7.1,90,1.8,55,1
rosemary,16.01,78,8.2,6.33,78,1.5,55,1
lettuce,24.48,49,6.0,5.48,109,0.8,60,1
rosemary,31.99,66,5.3,6.86,130,1.59,55,1
mint,17.24,89,5.9,6.43,109,0.83,65,1
parsley,15.81,39,5.2,6.25,106,0.94,65,1
lettuce,11.76,87,4.6,6.28,68,1.4,65,1
rosemary,32.09,25,8.6,6.26,76,1.47,55,1
rosemary,33.1,23,7.7,6.37,87,0.94,65,1
parsley,26.24,32,4.5,6.02,72,1.01,65,1
basil,17.25,50,5.9,6.11,49,0.97,70,1
parsley,17.72,28,4.7,6.24,111,0.81,65,1
parsley,15.01,75,7.3,5.81,94,1.35,70,1
rosemary,33.15,73,7.5,6.59,105,0.95,65,1
basil,15.73,27,6.8,6.8,104,1.1,65,1
lettuce,26.59,31,6.5,5.6,74,0.66,55,1
rosemary,34.41,23,5.5,6.23,68,1.41,55,1
rosemary,19.64,31,8.1,6.12,54,1.73,55,1
basil,14.56,81,7.4,5.88,72,1.78,65,1
mint,14.8,48,4.8,5.67,81,0.98,65,1
mint,32.2,52,4.2,6.03,47,1.97,65,1
rosemary,21.53,65,5.4,5.93,61,1.37,65,1
parsley,15.61,94,4.8,5.72,81,1.74,55,1
parsley,15.49,40,4.5,5.99,83,0.75,65,1
rosemary,32.02,35,6.2,6.29,85,1.59,65,1
basil,30.77,41,7.3,5.9,95,1.0,65,1
basil,31.95,79,6.1,6.22,100,1.15,65,1
mint,29.44,85,5.6,6.45,87,1.3,65,1
parsley,31.87,89,4.9,5.69,79,1.7,55,1
lettuce,13.53,89,5.0,6.03,92,0.41,65,1
basil,32.08,76,6.4,5.99,109,1.29,65,1
rosemary,13.16,18,5.6,6.49,75,1.94,55,1
parsley,15.05,46,3.7,6.44,74,1.36,55,1
rosemary,34.61,38,7.1,6.92,64,1.99,65,1
lettuce,30.07,43,6.6,5.81,110,0.86,55,1
parsley,15.59,47,5.5,5.94,27,0.68,65,1
lettuce,13.96,74,4.0,5.3,87,0.49,55,1
mint,14.4,46,6.8,6.39,83,1.49,55,1
basil,32.85,36,8.0,5.81,118,0.41,65,1
mint,29.54,41,5.4,6.02,108,0.83,65,1
mint,29.59,48,2.7,5.79,85,0.74,55,1
basil,32.17,88,6.6,6.19,62,1.45,65,1
parsley,16.23,81,0.9,5.56,80,1.05,55,1
rosemary,16.2,20,5.1,6.69,60,1.35,55,1
basil,15.37,89,6.0,5.77,54,1.32,65,1
basil,19.26,20,6.3,6.01,60,0.87,65,1
lettuce,25.63,87,5.4,6.4,104,0.47,65,1
mint,30.94,41,5.2,5.52,64,1.14,65,1
parsley,28.27,95,5.9,6.09,85,0.03,55,1
parsley,25.69,47,3.9,6.34,74,0.68,55,1
lettuce,7.83,94,5.8,6.12,117,0.96,65,1
rosemary,34.53,22,8.8,6.68,91,1.34,55,1
basil,33.57,37,6.7,5.61,106,1.22,65,1
mint,13.95,80,6.6,6.38,65,1.64,70,1
parsley,32.9,94,3.9,6.28,56,0.32,55,1
lettuce,27.44,43,6.1,6.37,51,0.73,55,1
mint,16.11,96,4.6,5.87,82,1.5,65,1
basil,31.45,67,6.8,5.66,143,1.74,65,1
basil,16.47,75,6.4,6.35,98,0.89,65,1
lettuce,32.05,38,4.3,6.19,31,0.74,65,1
mint,28.74,85,5.2,5.86,86,1.08,65,1
parsley,26.89,28,4.3,5.73,109,0.94,65,1
basil,35.51,54,4.7,5.82,122,1.7,70,1
mint,31.13,91,5.6,6.1,65,1.0,65,1
rosemary,16.34,35,8.3,7.0,134,1.13,55,1
basil,18.8,81,6.5,6.65,53,1.36,65,1
rosemary,16.03,40,6.7,5.78,63,1.57,55,1
rosemary,36.87,35,9.0,6.84,96,2.09,55,1
mint,29.39,89,5.4,5.82,72,1.19,65,1
lettuce,26.92,77,6.5,5.85,57,1.31,70,1
basil,19.37,42,8.0,6.44,119,1.14,65,1
parsley,27.35,33,5.4,5.65,55,1.63,55,1
mint,17.88,89,3.6,6.28,87,1.01,55,1
mint,32.38,86,4.5,5.72,108,1.87,65,1
rosemary,31.95,18,8.0,6.27,39,1.04,65,1
mint,29.08,98,5.4,6.14,88,1.59,65,1
rosemary,14.64,25,7.3,6.55,111,1.78,65,1
mint,32.59,46,4.8,5.83,85,2.22,55,1
lettuce,11.22,92,6.3,5.59,74,0.42,55,1
rosemary,30.79,87,6.9,6.64,50,1.65,65,1
lettuce,26.87,63,3.2,5.76,66,0.77,70,1
mint,15.23,47,4.9,6.16,91,0.99,65,1
mint,15.05,82,7.1,5.63,75,1.65,55,1
basil,35.22,79,8.0,6.28,90,1.28,65,1
lettuce,28.15,46,4.7,6.17,69,0.4,65,1
lettuce,13.15,39,3.9,6.47,84,1.15,55,1
rosemary,19.61,66,8.4,6.74,57,1.66,55,1
rosemary,33.41,73,4.3,6.42,100,1.43,55,1
lettuce,10.94,46,4.6,5.94,82,1.16,65,1
mint,29.13,42,6.5,6.33,61,0.44,55,1
mint,35.89,41,4.7,6.05,109,1.26,65,1
parsley,13.01,52,4.1,6.53,93,0.97,55,1
rosemary,18.85,36,6.3,6.78,68,1.06,65,1
parsley,26.55,32,4.2,5.58,60,1.36,65,1
lettuce,8.73,52,3.3,6.45,72,0.61,70,1
parsley,15.07,79,5.4,5.78,109,0.65,65,1
mint,15.92,85,5.9,6.44,91,1.37,65,1
basil,35.94,92,7.5,6.07,90,1.13,65,1
lettuce,27.55,71,5.2,4.65,98,1.06,55,1
rosemary,18.45,69,5.6,6.16,94,1.24,55,1
basil,30.68,34,5.0,5.85,70,1.34,55,1
lettuce,27.32,46,5.8,5.53,82,1.08,65,1
parsley,16.53,80,3.9,6.06,66,0.76,55,1
basil,18.44,28,6.6,6.51,111,0.55,65,1
lettuce,13.2,39,4.3,6.06,113,1.39,65,1
basil,17.28,77,5.5,6.75,94,1.25,55,1
basil,30.86,44,6.9,6.01,99,1.38,65,1
rosemary,19.84,27,7.0,6.49,98,1.19,65,1
parsley,16.93,82,4.9,6.02,89,0.74,65,1
parsley,12.5,38,4.7,6.1,82,0.73,65,1
basil,17.84,35,5.6,6.52,80,1.63,55,1
rosemary,17.94,25,6.2,6.23,73,1.75,65,1
rosemary,31.69,38,5.4,6.81,83,1.37,55,1
mint,28.73,30,7.2,6.26,32,1.47,55,1
basil,32.79,76,5.1,5.67,93,0.65,55,1
rosemary,14.21,9,6.9,6.65,89,1.83,65,1
rosemary,17.83,76,6.4,6.6,131,1.39,65,1
mint,31.63,99,3.0,5.98,61,0.73,55,1
mint,16.22,47,2.6,5.82,121,1.26,55,1
mint,17.21,88,4.8,5.99,75,1.5,65,1
rosemary,31.79,25,8.3,6.77,48,1.64,55,1
rosemary,19.22,66,8.6,6.89,102,1.66,55,1
rosemary,16.31,85,7.7,6.25,71,2.19,65,1
lettuce,27.46,86,8.6,6.21,98,0.72,55,1
mint,14.82,48,5.7,6.15,31,1.42,65,1
basil,19.77,93,6.4,5.63,106,1.01,65,1
mint,12.75,42,4.5,6.35,68,0.95,65,1
basil,18.38,48,5.5,5.71,129,1.68,55,1
parsley,26.63,38,6.7,6.04,59,0.61,55,1
basil,19.56,39,5.6,6.57,79,1.13,55,1
rosemary,17.44,21,5.9,6.06,71,1.0,55,1
parsley,15.0,66,6.9,6.05,121,1.12,55,1
parsley,26.34,44,5.7,5.81,70,0.95,65,1
rosemary,35.29,81,7.2,6.28,108,1.25,65,1
mint,12.84,87,4.4,5.51,80,0.9,65,1
basil,33.47,80,6.4,6.03,78,0.56,65,1
mint,30.14,41,4.9,6.45,80,0.87,65,1
mint,14.13,95,4.6,5.82,77,1.63,65,1
basil,19.72,40,7.1,5.99,97,1.62,65,1
mint,31.21,86,5.6,5.84,79,0.99,65,1
rosemary,32.91,31,7.4,6.53,69,1.42,65,1
lettuce,7.47,76,3.9,5.91,112,0.94,70,1
parsley,14.71,45,5.6,6.06,43,1.0,65,1
parsley,29.75,81,6.0,5.83,99,1.53,55,1
mint,17.26,97,5.7,6.29,79,1.79,65,1
mint,31.06,99,5.6,6.19,56,0.71,65,1
lettuce,29.69,85,4.8,6.1,62,1.02,65,1
lettuce,29.89,100,5.3,5.79,65,1.09,65,1
parsley,25.84,100,4.5,6.34,89,1.32,65,1
rosemary,32.97,25,6.9,6.75,78,1.1,65,1
lettuce,25.93,98,4.1,6.48,105,1.75,55,1
lettuce,11.53,99,5.2,6.07,84,0.87,65,1
basil,32.61,49,9.3,6.29,73,1.17,55,1
parsley,28.14,76,3.4,6.14,110,0.69,55,1
rosemary,25.14,84,7.0,7.06,83,1.53,60,1
basil,34.64,36,9.6,5.85,35,1.59,55,1
mint,11.24,49,5.0,6.03,49,1.66,65,1
mint,23.84,58,6.5,5.48,100,0.88,65,1
mint,16.27,21,5.7,5.6,63,1.54,65,1
mint,32.31,58,7.1,5.97,115,1.11,70,1
lettuce,13.64,35,3.6,5.8,69,1.16,55,1
rosemary,32.08,30,8.1,6.91,42,1.0,55,1
lettuce,26.93,34,5.7,5.78,35,0.51,65,1
mint,14.13,33,4.8,5.62,114,1.34,65,1
basil,22.13,33,7.1,6.06,133,1.24,70,1
basil,14.98,40,7.2,6.41,29,1.9,65,1
parsley,29.45,47,6.1,5.88,84,0.82,55,1
mint,17.67,91,2.8,6.3,84,0.54,55,1
rosemary,13.92,32,7.6,6.86,62,1.9,65,1
parsley,17.92,44,7.0,6.32,71,0.9,55,1
lettuce,12.46,95,4.9,5.65,92,0.58,65,1
lettuce,12.58,41,5.2,6.38,25,0.6,65,1
mint,32.39,37,3.3,6.42,111,1.71,55,1
mint,14.26,87,6.3,5.99,94,1.13,55,1
rosemary,32.95,78,5.4,6.09,85,1.97,55,1
basil,20.95,40,6.2,5.26,82,0.3,60,1
rosemary,15.31,78,6.8,6.76,68,1.55,65,1
parsley,10.63,47,7.9,5.95,66,1.11,55,1
mint,17.1,100,6.2,5.76,95,0.71,55,1
parsley,13.34,27,5.2,5.77,88,1.17,65,1
basil,34.63,82,7.2,5.8,74,1.45,65,1
mint,29.32,96,5.6,6.29,85,1.04,65,1
rosemary,19.87,87,5.3,6.62,109,2.08,55,1
mint,30.08,82,4.3,6.14,108,1.19,65,1
rosemary,35.07,69,7.8,7.0,91,1.88,65,1
basil,30.15,39,8.1,5.84,120,1.41,55,1
rosemary,33.25,27,6.0,6.64,77,1.61,65,1
parsley,12.35,100,5.2,5.66,70,0.33,65,1
rosemary,23.7,43,5.3,7.15,98,1.16,65,1
lettuce,26.7,76,5.2,5.32,93,1.06,55,1
lettuce,25.23,100,4.6,6.49,104,1.44,65,1
mint,17.74,81,5.9,6.19,27,1.41,65,1
parsley,27.29,92,6.6,6.06,74,0.99,55,1
mint,33.85,97,3.1,6.12,63,0.83,55,1
parsley,26.49,33,6.1,6.43,106,1.05,55,1
basil,15.43,81,7.2,5.94,102,0.71,65,1
parsley,26.09,79,3.8,6.08,86,0.32,55,1
basil,32.55,94,8.2,6.66,96,0.81,55,1
basil,15.73,92,7.0,5.73,75,1.05,65,1
mint,30.51,93,6.4,6.19,99,1.2,55,1
rosemary,30.54,77,8.0,6.28,114,1.91,65,1
mint,17.48,43,5.1,6.37,98,1.12,65,1
parsley,15.13,35,6.8,5.84,66,1.07,55,1
mint,17.29,55,3.9,5.98,95,0.74,70,1
parsley,26.92,51,3.9,6.25,89,0.75,70,1
basil,34.7,78,10.1,6.36,77,0.46,55,1
lettuce,11.21,96,4.9,6.03,70,0.75,65,1
rosemary,18.07,71,5.6,6.16,99,1.78,55,1
basil,20.84,62,8.3,5.49,96,1.79,65,1
rosemary,19.83,18,6.4,6.77,77,0.95,65,1
basil,16.92,39,6.7,6.65,83,0.67,65,1
basil,17.35,37,6.8,6.43,84,1.21,65,1
parsley,15.17,43,5.9,5.61,80,0.0,55,1
parsley,16.49,38,6.2,6.5,94,0.66,55,1
lettuce,7.8,40,5.0,5.74,111,0.48,65,1
basil,34.12,39,7.5,5.52,64,1.14,65,1
basil,19.82,34,7.6,6.53,70,0.98,65,1
mint,31.84,44,3.6,5.77,115,1.24,55,1
basil,30.68,44,5.6,6.71,101,1.54,55,1
parsley,27.5,77,4.9,5.71,66,0.85,65,1
rosemary,29.18,26,7.3,5.61,55,1.2,60,1
lettuce,12.22,73,3.8,6.04,89,1.21,70,1
parsley,16.38,52,2.6,6.2,78,0.5,70,1
rosemary,33.91,28,7.0,6.08,84,0.74,65,1
rosemary,19.96,73,6.5,6.69,106,1.42,65,1
basil,14.92,45,8.7,6.0,74,0.92,55,1
rosemary,32.18,32,6.7,6.7,82,1.43,65,1
mint,32.79,74,4.5,6.02,48,2.29,70,1
rosemary,32.62,28,7.2,6.2,52,1.56,65,1
mint,29.25,41,7.6,6.15,119,0.68,55,1
parsley,27.41,81,5.9,5.71,71,0.86,65,1
rosemary,18.79,72,6.7,6.23,93,1.03,65,1
mint,16.46,43,4.2,5.75,74,1.42,65,1
basil,37.59,97,7.6,6.18,59,1.1,65,1
mint,31.29,39,5.4,5.53,72,1.52,65,1
mint,13.99,54,5.9,6.22,90,0.68,65,1
lettuce,30.56,81,4.1,6.43,51,0.92,65,1
basil,19.56,74,5.9,5.54,39,1.39,55,1
rosemary,17.71,36,7.9,7.0,34,1.22,65,1
parsley,23.27,80,2.8,6.13,54,0.19,65,1
basil,30.21,31,8.2,6.11,72,1.93,55,1
rosemary,17.48,31,8.3,6.31,106,1.55,55,1
parsley,28.86,39,4.1,5.91,107,0.95,65,1
parsley,26.16,82,5.3,5.55,100,0.41,65,1
rosemary,32.62,31,8.2,6.07,91,1.48,55,1
parsley,26.25,43,7.0,6.29,55,1.37,55,1
basil,33.98,40,8.2,6.22,85,1.5,55,1
parsley,31.69,86,5.2,6.32,85,0.18,55,1
parsley,29.25,50,4.7,6.62,79,0.71,55,1
parsley,16.21,88,4.0,5.65,59,0.74,65,1
basil,14.08,90,6.9,6.26,83,1.36,65,1
rosemary,15.88,18,5.9,6.78,95,0.66,55,1
rosemary,19.05,36,6.8,6.56,65,2.17,65,1
mint,14.9,90,4.4,5.96,98,1.0,65,1
parsley,25.01,41,5.3,6.08,78,1.0,65,1
mint,17.74,88,5.8,6.41,73,1.26,65,1
rosemary,30.89,80,7.7,6.87,108,1.15,65,1
rosemary,19.25,68,6.7,6.44,68,1.59,65,1
rosemary,15.89,82,5.0,6.03,77,1.57,55,1
rosemary,19.49,35,7.0,6.4,121,1.24,65,1
rosemary,32.91,32,6.4,6.4,90,1.1,65,1
mint,31.43,43,3.7,5.93,63,1.53,55,1
lettuce,25.88,34,5.3,6.27,58,0.93,65,1
basil,17.89,72,8.7,6.38,114,1.11,55,1
basil,35.07,76,7.1,6.36,39,0.8,65,1
mint,16.18,87,4.5,5.65,109,0.57,65,1
lettuce,13.32,86,3.8,5.64,119,1.19,55,1
mint,14.17,94,4.0,5.68,108,0.8,65,1
basil,18.41,79,6.8,6.11,66,0.72,65,1
rosemary,17.32,71,7.3,6.59,113,2.16,65,1
rosemary,32.55,68,6.5,6.76,53,1.21,65,1
rosemary,27.35,35,7.2,5.78,33,1.21,60,1
lettuce,14.51,84,5.4,5.73,58,1.15,65,1
mint,15.21,39,4.7,5.83,70,1.86,65,1
basil,19.4,34,7.3,5.8,52,1.25,65,1
rosemary,35.97,19,7.6,6.27,68,1.28,65,1
mint,28.37,88,5.6,6.11,75,0.9,65,1
mint,30.53,36,5.1,5.87,76,1.32,65,1
rosemary,32.67,65,4.9,6.12,66,2.13,70,1
basil,17.81,37,7.2,6.16,82,1.13,65,1
parsley,27.81,37,4.0,6.2,56,0.79,65,1
parsley,14.05,100,4.0,5.82,32,0.33,65,1
rosemary,34.2,27,6.5,6.95,32,1.21,65,1
basil,33.58,81,9.3,5.65,55,1.4,55,1
lettuce,12.54,43,6.1,5.82,111,0.35,55,1
rosemary,34.03,14,6.8,6.34,83,0.94,65,1
mint,30.07,34,6.7,5.81,104,1.29,55,1
lettuce,29.55,90,5.7,5.83,96,0.72,65,1
rosemary,35.62,82,5.8,6.22,78,2.34,55,1
parsley,29.0,47,4.1,5.87,71,1.0,65,1
mint,15.34,45,4.3,6.06,86,0.93,65,1
lettuce,28.35,80,5.3,6.78,81,0.68,55,1
lettuce,28.72,84,3.7,6.32,109,0.53,55,1
basil,19.87,73,8.1,6.01,62,1.07,55,1
lettuce,28.99,44,6.0,5.54,101,0.26,55,1
lettuce,27.85,33,5.4,6.22,55,1.23,65,1
rosemary,33.99,25,6.2,6.49,41,1.84,65,1
basil,18.82,87,6.4,5.69,76,1.29,65,1
mint,28.84,84,6.4,6.0,43,0.88,55,1
parsley,31.0,39,5.0,6.49,76,1.18,65,1
parsley,28.94,91,3.8,6.19,99,0.54,55,1
parsley,14.22,94,5.9,5.74,79,1.46,65,1
parsley,29.13,43,5.0,6.08,113,0.54,65,1
rosemary,36.88,24,6.2,6.26,60,2.26,65,1
mint,16.03,54,6.1,6.14,104,0.52,55,1
basil,12.93,38,7.5,6.59,104,1.32,65,1
lettuce,14.63,95,4.6,6.35,91,0.57,65,1
mint,32.73,39,1.8,5.55,85,1.67,55,1
lettuce,25.28,42,5.7,6.01,57,1.24,65,1
rosemary,36.26,36,6.9,6.47,89,1.6,65,1
mint,17.67,93,5.5,5.68,114,1.48,65,1
lettuce,27.06,81,6.6,6.09,20,0.77,55,1
lettuce,10.37,100,4.8,6.14,75,0.49,65,1
basil,33.59,31,6.9,5.67,94,1.6,65,1
lettuce,10.45,47,5.0,6.33,37,0.61,65,1
mint,32.35,85,3.4,5.62,61,1.29,55,1
parsley,16.8,78,4.9,6.21,110,0.3,65,1
basil,17.0,78,6.0,6.36,84,1.43,65,1
basil,18.33,72,8.2,5.91,119,1.22,55,1
lettuce,25.59,81,6.5,6.29,81,0.95,55,1
parsley,16.19,46,5.8,6.49,79,0.7,65,1
parsley,26.9,44,7.7,5.97,61,0.78,55,1
basil,29.46,31,6.0,6.87,85,1.39,60,1
mint,29.41,48,4.0,5.63,56,1.34,65,1
mint,30.19,51,1.4,6.12,84,1.19,55,1
rosemary,30.28,34,6.4,6.13,48,1.32,65,1
basil,9.72,87,7.2,6.6,58,1.0,65,1
basil,30.43,78,9.0,6.62,81,1.09,55,1
basil,15.66,81,6.1,5.66,75,1.53,65,1
mint,16.91,49,3.3,6.31,94,1.25,55,1
parsley,25.68,75,4.0,5.14,40,1.5,55,1
mint,14.73,86,5.4,5.92,30,2.1,55,1
lettuce,25.24,35,3.5,5.68,105,0.57,55,1
mint,16.29,90,5.5,6.27,72,1.5,65,1
parsley,26.99,79,6.7,6.26,48,0.63,55,1
lettuce,28.69,31,6.0,6.02,106,0.78,65,1
rosemary,18.15,25,7.4,6.42,98,1.66,65,1
mint,13.97,31,4.9,6.16,86,0.65,65,1
lettuce,29.31,93,6.7,6.48,115,0.62,55,1
basil,19.96,83,7.1,5.99,94,2.2,55,1
lettuce,27.84,52,3.1,5.68,20,1.07,70,1
mint,26.22,46,4.7,6.6,119,1.28,60,1
mint,31.51,100,4.4,5.68,62,1.39,65,1
mint,16.37,51,6.8,6.47,85,0.91,55,1
parsley,26.34,37,7.0,5.66,65,1.28,55,1
lettuce,13.41,35,5.3,6.0,78,0.64,65,1
parsley,25.4,27,4.0,5.62,66,1.24,65,1
mint,15.11,31,4.9,5.7,86,1.22,65,1
parsley,13.23,39,5.9,5.99,85,0.94,65,1
basil,17.57,81,6.2,5.89,51,1.75,65,1
lettuce,6.55,47,6.8,6.18,56,1.36,55,1
parsley,16.67,38,5.6,6.09,61,0.68,65,1
rosemary,30.68,23,9.4,6.47,78,1.76,55,1
parsley,16.69,45,4.2,6.07,92,1.48,65,1
basil,15.46,38,7.4,6.32,86,0.58,65,1
basil,14.21,73,7.4,5.92,76,1.22,65,1
rosemary,31.43,88,6.8,6.62,68,1.83,65,1
rosemary,13.9,29,6.8,6.11,109,1.29,65,1
mint,26.77,49,4.7,6.76,60,1.3,60,1
rosemary,18.54,88,6.3,6.06,78,1.31,65,1
mint,9.87,49,7.1,6.38,51,1.44,55,1
basil,14.6,33,7.7,6.01,69,1.46,65,1
rosemary,34.18,37,8.5,6.77,105,0.74,55,1
mint,13.93,90,4.3,6.24,68,0.61,65,1
basil,33.31,78,6.9,5.83,95,0.76,65,1
mint,28.76,47,7.8,6.04,61,1.92,55,1
mint,30.41,34,6.4,6.37,76,0.61,55,1
lettuce,13.2,31,4.9,5.77,95,1.4,65,1
mint,28.5,84,4.6,6.42,87,0.74,65,1
mint,12.83,50,5.0,6.44,101,1.49,65,1
basil,32.51,88,5.8,6.52,100,0.91,55,1
lettuce,25.17,37,5.9,6.47,106,0.79,65,1
parsley,15.58,32,3.2,6.1,74,1.1,55,1
mint,31.15,90,6.3,5.92,60,0.65,55,1
basil,19.18,79,7.9,5.81,82,1.06,65,1
basil,32.8,35,6.7,6.52,90,1.1,65,1
basil,18.04,47,6.7,6.11,93,1.17,65,1
parsley,19.61,30,5.8,6.74,66,0.9,60,1
parsley,29.25,79,4.6,5.99,34,1.38,65,1
mint,30.62,78,7.6,5.65,77,1.34,70,1
parsley,30.04,88,2.8,6.3,22,1.06,55,1
parsley,17.84,29,5.8,6.15,65,1.41,65,1
rosemary,16.77,35,6.8,6.72,90,1.85,65,1
lettuce,10.08,44,4.5,5.73,108,0.52,65,1
rosemary,17.83,28,5.5,6.32,96,0.97,55,1
lettuce,13.16,88,5.1,5.74,68,1.21,65,1
parsley,27.89,45,5.4,5.64,64,0.22,55,1
lettuce,13.39,35,4.5,6.41,60,1.25,65,1
mint,15.84,92,4.3,6.01,55,1.64,65,1
parsley,17.12,35,4.7,5.91,59,0.76,65,1
basil,35.21,73,3.9,6.22,115,1.6,55,1
mint,20.77,52,6.2,5.57,50,0.36,65,1
lettuce,29.46,76,3.8,6.43,47,0.43,70,1
rosemary,30.29,32,8.8,6.48,86,1.56,55,1
lettuce,13.81,78,6.1,5.53,57,2.26,60,1
rosemary,31.36,22,6.8,6.72,88,1.45,65,1
lettuce,13.25,88,4.8,5.92,120,1.16,65,1
lettuce,9.0,95,6.4,5.97,97,1.03,55,1
basil,15.73,69,5.4,6.72,103,0.98,70,1
mint,30.33,93,5.8,5.98,81,1.47,65,1
lettuce,14.03,100,5.3,5.69,20,0.59,65,1
rosemary,20.35,48,6.8,6.52,54,1.48,100,2
lettuce,19.34,70,5.0,6.08,56,0.93,100,2
basil,22.56,51,7.1,6.13,27,1.08,100,2
mint,22.54,63,4.1,6.08,18,1.4,100,2
lettuce,15.18,30,3.9,5.61,80,0.9,75,2
basil,26.05,61,6.2,6.06,43,1.14,100,2
basil,28.8,65,7.7,5.2,73,1.12,75,2
lettuce,20.86,64,5.0,5.99,60,0.76,100,2
mint,25.62,71,5.3,5.95,52,1.34,100,2
lettuce,16.43,84,3.5,6.32,100,0.61,75,2
rosemary,25.33,55,7.1,6.46,53,1.78,100,2
rosemary,22.87,57,6.5,6.4,56,1.74,100,2
parsley,20.8,66,5.1,5.89,33,0.6,100,2
rosemary,25.5,42,7.7,6.42,47,1.82,100,2
parsley,21.95,57,5.3,5.88,56,0.57,100,2
rosemary,28.95,53,7.1,6.65,68,1.42,100,2
parsley,20.51,64,5.1,5.75,38,0.52,100,2
basil,26.48,61,6.3,6.41,22,1.13,100,2
mint,23.92,74,4.7,5.98,37,1.55,100,2
basil,27.14,60,6.7,6.06,45,1.23,100,2
parsley,18.9,62,5.5,5.97,52,0.76,100,2
mint,20.76,58,4.4,5.86,32,1.13,100,2
basil,23.34,71,6.8,5.79,80,1.29,85,2
mint,14.99,78,5.5,6.17,92,1.06,80,2
basil,24.65,58,6.5,6.57,54,1.21,100,2
lettuce,21.15,69,4.6,5.97,57,0.92,100,2
parsley,21.34,66,5.1,6.0,42,1.02,100,2
mint,23.05,66,6.1,5.84,55,1.38,90,2
mint,21.41,61,5.0,6.25,64,1.28,100,2
lettuce,22.21,71,4.1,5.96,62,0.72,100,2
mint,25.24,63,4.9,5.93,52,0.8,100,2
rosemary,20.98,82,6.8,6.72,118,1.74,85,2
mint,24.36,67,5.4,5.92,62,1.14,100,2
basil,21.22,64,7.3,6.37,30,1.0,100,2
mint,24.62,57,5.4,6.25,62,0.79,100,2
basil,26.07,51,7.1,6.44,45,1.36,100,2
rosemary,23.21,46,7.5,6.43,37,1.74,100,2
lettuce,20.62,53,4.3,6.15,76,0.38,100,2
rosemary,19.89,48,7.4,6.57,61,1.42,80,2
lettuce,19.32,71,4.7,6.28,38,0.91,100,2
mint,19.2,72,5.0,5.81,70,0.94,100,2
parsley,23.29,70,4.3,6.07,60,0.49,100,2
lettuce,22.01,60,4.5,5.94,43,0.69,100,2
parsley,18.6,45,4.3,5.61,66,1.58,75,2
lettuce,17.3,74,4.6,5.96,46,0.83,100,2
lettuce,17.96,63,4.4,6.08,47,1.03,100,2
parsley,21.11,59,6.2,6.22,61,1.23,90,2
mint,20.84,36,5.1,6.31,85,1.47,85,2
mint,25.97,56,6.0,5.93,47,0.89,100,2
rosemary,25.45,60,6.4,6.39,38,1.64,100,2
basil,26.89,59,7.1,6.29,42,0.9,100,2
basil,26.99,59,6.2,6.2,37,1.04,100,2
lettuce,16.8,63,5.9,5.96,48,0.78,100,2
mint,24.15,74,4.9,6.01,36,1.08,100,2
mint,22.45,79,4.4,6.18,44,1.26,100,2
basil,26.48,64,6.6,6.09,46,1.21,100,2
rosemary,24.38,23,6.3,6.97,86,1.24,85,2
lettuce,21.07,67,5.3,5.8,57,1.11,100,2
basil,23.92,65,7.2,6.05,50,0.89,100,2
mint,23.89,63,5.3,6.01,38,1.37,100,2
basil,29.08,71,7.9,5.78,90,0.7,85,2
mint,20.91,59,5.5,5.98,31,1.11,100,2
mint,23.82,80,5.6,5.98,42,1.36,100,2
rosemary,23.13,52,6.9,6.37,34,1.56,100,2
rosemary,22.68,54,7.0,6.4,72,1.45,100,2
rosemary,25.08,55,6.9,6.45,68,1.57,100,2
parsley,18.92,57,4.8,6.32,35,0.68,100,2
lettuce,24.53,88,4.4,6.18,40,1.37,85,2
parsley,24.72,81,4.9,6.12,104,1.2,85,2
parsley,22.28,68,4.7,6.16,69,0.96,100,2
rosemary,22.45,50,6.6,6.62,52,1.81,100,2
mint,21.94,71,5.1,6.07,46,1.35,100,2
mint,30.55,80,5.7,5.69,110,1.97,80,2
lettuce,19.05,63,4.7,6.04,64,0.84,100,2
basil,21.71,59,7.2,6.1,39,1.27,100,2
basil,25.68,65,6.9,5.94,29,0.81,100,2
parsley,18.7,61,5.0,5.82,68,0.77,100,2
parsley,20.64,62,4.9,5.81,33,1.05,100,2
basil,27.87,57,6.6,6.27,65,1.31,100,2
basil,25.85,59,6.5,6.17,38,1.26,100,2
lettuce,21.79,59,5.2,6.25,41,1.11,100,2
mint,20.77,63,4.8,6.11,65,1.22,100,2
lettuce,18.74,61,4.3,5.99,43,1.01,100,2
lettuce,19.36,67,5.3,6.4,35,0.92,100,2
mint,25.57,79,4.8,5.62,39,0.79,100,2
mint,22.22,73,5.1,6.04,18,1.33,100,2
parsley,21.27,68,4.6,6.19,76,0.95,100,2
rosemary,20.73,49,7.2,6.8,52,1.61,100,2
lettuce,20.26,62,5.0,6.18,36,0.83,100,2
rosemary,25.52,59,7.2,6.54,66,1.65,100,2
basil,26.52,58,7.0,6.23,54,1.13,100,2
basil,23.91,61,6.6,5.94,45,1.09,100,2
mint,22.73,74,6.4,6.08,61,1.19,90,2
mint,25.51,69,4.2,6.0,39,1.38,100,2
basil,29.23,62,7.4,6.09,48,1.24,100,2
lettuce,25.57,71,4.6,6.02,58,0.41,80,2
mint,18.72,46,7.0,5.83,91,1.48,75,2
rosemary,23.0,51,6.1,6.53,61,0.99,100,2
parsley,20.48,62,5.2,6.18,45,1.06,100,2
basil,21.96,64,6.9,6.26,63,1.11,100,2
rosemary,25.11,55,7.4,6.58,62,1.35,100,2
parsley,20.66,63,5.0,6.0,59,1.01,100,2
parsley,17.64,63,5.2,6.05,46,0.8,80,2
rosemary,21.6,47,6.8,6.52,52,1.44,100,2
mint,24.44,61,5.5,6.22,48,1.3,100,2
mint,22.61,70,4.7,6.27,75,1.25,100,2
mint,26.27,68,4.5,6.01,63,0.95,100,2
parsley,24.32,62,5.0,5.65,35,0.83,100,2
mint,23.54,68,4.9,6.01,63,1.21,100,2
basil,20.38,86,7.5,6.3,58,1.12,85,2
basil,26.0,61,6.8,6.35,58,1.12,100,2
lettuce,23.16,59,5.6,6.12,35,0.56,100,2
basil,26.69,67,6.6,6.26,37,1.06,100,2
parsley,25.07,62,5.5,6.04,26,0.85,80,2
mint,20.36,63,5.8,5.99,26,0.9,100,2
parsley,19.6,55,6.0,6.2,44,0.92,100,2
mint,20.94,68,5.9,6.08,50,1.21,100,2
mint,26.51,74,5.3,5.99,47,1.14,100,2
mint,25.48,63,5.3,6.06,55,0.98,100,2
parsley,21.22,58,4.9,5.95,48,0.68,100,2
basil,29.07,85,4.5,5.96,79,1.6,75,2
basil,28.03,47,6.8,6.12,45,1.15,85,2
parsley,20.84,69,5.4,6.07,41,0.98,100,2
basil,21.39,62,6.5,6.12,37,1.09,100,2
mint,20.72,71,6.0,5.82,45,1.17,100,2
lettuce,23.09,67,5.4,6.03,52,0.94,100,2
mint,13.42,80,5.8,6.45,53,1.21,80,2
mint,23.25,65,5.0,6.08,42,0.95,100,2
lettuce,19.66,68,5.6,6.06,40,1.11,100,2
basil,23.83,60,6.5,5.95,40,0.88,100,2
mint,24.5,71,5.7,5.99,44,1.5,100,2
mint,22.14,60,5.2,6.02,74,1.1,100,2
mint,23.39,61,4.6,6.15,61,0.88,100,2
basil,24.26,46,7.9,6.21,36,1.3,85,2
lettuce,24.32,52,8.0,6.17,134,0.67,75,2
basil,16.58,50,7.0,5.74,64,1.07,80,2
parsley,23.03,57,5.4,5.93,36,1.07,100,2
mint,18.15,58,5.7,6.16,32,1.52,100,2
parsley,19.58,74,4.0,5.96,50,0.81,100,2
lettuce,20.28,72,5.6,5.92,48,0.74,100,2
parsley,19.83,80,4.6,6.15,50,0.85,85,2
rosemary,25.48,53,6.8,6.52,32,1.98,100,2
parsley,21.05,57,4.6,5.89,40,1.39,100,2
lettuce,21.42,58,5.5,5.89,43,1.08,100,2
lettuce,19.3,63,4.7,5.99,38,0.69,100,2
parsley,23.08,58,4.6,5.87,53,0.81,100,2
mint,26.32,73,5.1,6.28,65,1.78,100,2
lettuce,25.49,76,6.0,5.89,74,0.96,80,2
mint,24.69,65,4.9,5.87,41,1.2,100,2
lettuce,25.18,70,4.6,5.62,41,0.99,80,2
parsley,19.37,54,5.1,6.0,41,0.5,100,2
lettuce,18.26,67,5.3,5.91,30,0.96,100,2
parsley,20.74,59,4.2,6.02,62,0.73,100,2
lettuce,21.38,63,5.2,5.98,12,0.98,100,2
parsley,19.07,50,5.7,5.91,63,0.71,100,2
lettuce,24.59,92,5.7,6.25,107,0.76,85,2
rosemary,20.93,58,6.4,6.32,35,1.2,100,2
lettuce,23.52,64,5.8,5.71,41,0.85,100,2
lettuce,24.69,67,5.1,6.31,46,0.95,100,2
basil,25.96,65,7.5,6.15,85,0.93,100,2
rosemary,25.57,59,6.7,6.66,67,1.66,100,2
basil,23.9,62,7.6,6.31,48,1.47,100,2
lettuce,19.94,65,5.4,5.66,35,0.81,100,2
mint,22.36,74,4.2,6.02,53,1.41,100,2
basil,25.88,59,7.0,5.84,62,1.19,100,2
mint,22.45,68,4.4,6.13,41,1.31,100,2
rosemary,21.11,50,7.0,6.21,84,1.54,100,2
lettuce,20.19,66,4.4,6.01,42,0.68,100,2
parsley,18.12,66,4.1,5.86,50,0.84,100,2
mint,28.34,77,4.6,5.86,66,1.01,80,2
parsley,22.06,64,4.9,6.14,40,0.99,100,2
lettuce,20.05,66,3.3,5.9,51,0.74,90,2
basil,27.91,65,6.6,6.35,62,1.35,100,2
rosemary,25.98,54,6.9,6.52,69,1.63,100,2
lettuce,19.87,61,5.2,5.82,46,0.7,100,2
rosemary,21.89,59,6.9,6.52,55,1.67,100,2
rosemary,25.18,53,6.2,6.65,42,1.43,100,2
lettuce,19.88,73,5.4,5.9,27,1.09,100,2
basil,22.22,65,6.7,6.39,84,0.81,100,2
parsley,22.71,56,5.5,6.13,46,0.99,100,2
basil,24.11,61,7.2,6.07,35,1.05,100,2
mint,26.75,68,4.3,6.13,80,1.34,100,2
basil,23.72,61,7.4,6.24,45,1.18,100,2
basil,20.26,49,7.8,6.48,25,1.43,85,2
lettuce,23.1,63,4.3,6.27,52,0.95,100,2
mint,23.65,64,5.1,5.64,74,1.1,100,2
lettuce,20.2,61,5.1,6.24,39,0.84,100,2
parsley,23.3,57,4.9,5.87,48,0.84,100,2
parsley,20.3,56,4.6,6.29,27,0.92,100,2
mint,21.92,67,5.3,5.84,48,1.29,100,2
mint,26.52,72,5.0,5.98,62,1.01,100,2
lettuce,17.03,61,4.9,5.91,51,0.83,100,2
mint,20.99,71,4.6,6.09,49,1.26,100,2
basil,22.34,61,6.5,6.11,47,1.1,100,2
mint,21.86,63,4.6,5.93,42,1.46,100,2
rosemary,30.66,57,6.9,6.52,109,0.66,80,2
basil,25.93,64,7.6,6.41,50,1.27,100,2
rosemary,21.05,45,6.5,6.65,39,1.44,100,2
parsley,22.38,54,4.8,5.94,56,0.87,100,2
rosemary,25.23,55,7.4,6.43,70,1.55,100,2
basil,26.99,31,7.3,6.53,50,1.37,85,2
parsley,20.53,56,4.8,5.95,39,1.0,100,2
parsley,20.21,65,5.0,5.87,53,0.62,100,2
mint,19.22,71,5.6,5.67,29,1.31,100,2
mint,22.1,77,4.7,6.18,72,1.35,100,2
rosemary,24.48,50,6.7,6.54,41,1.32,100,2
rosemary,23.65,61,6.9,6.35,43,1.38,100,2
rosemary,26.41,55,6.2,6.5,67,0.93,100,2
parsley,20.25,69,4.4,6.42,56,0.55,100,2
lettuce,19.27,65,5.2,5.91,57,0.95,100,2
mint,23.56,64,5.8,5.96,37,1.38,100,2
rosemary,27.93,54,6.2,6.52,43,1.62,100,2
basil,27.09,70,6.7,6.23,62,1.18,100,2
rosemary,25.96,52,6.8,6.68,47,1.78,100,2
basil,26.98,62,7.0,6.21,57,1.45,100,2
basil,27.63,68,7.5,5.92,28,1.3,100,2
parsley,21.98,52,5.0,6.08,68,0.78,100,2
parsley,26.01,61,4.8,5.98,29,0.91,80,2
rosemary,25.84,58,6.9,6.73,59,1.82,100,2
basil,24.02,62,6.7,6.07,39,0.78,100,2
mint,21.3,62,6.2,5.92,48,1.48,90,2
rosemary,25.6,52,7.5,6.55,42,1.5,100,2
lettuce,20.74,69,4.9,6.42,42,0.87,100,2
mint,22.17,60,5.6,5.97,75,1.51,100,2
parsley,18.37,65,5.4,6.27,47,0.68,100,2
parsley,24.91,58,4.7,5.79,51,0.9,100,2
basil,29.57,70,7.0,6.08,99,0.03,90,2
lettuce,19.75,68,4.6,5.94,14,1.22,100,2
mint,20.16,67,3.9,5.78,50,0.96,90,2
lettuce,15.68,46,5.0,5.82,68,0.74,85,2
lettuce,18.83,67,4.7,5.97,44,1.0,100,2
lettuce,21.96,61,5.5,5.94,32,0.87,100,2
basil,22.14,64,7.2,6.3,72,1.5,100,2
mint,20.46,70,4.6,6.2,44,0.98,100,2
mint,24.1,67,3.9,5.96,54,1.25,90,2
rosemary,25.21,47,6.6,6.56,82,1.74,100,2
basil,23.52,69,7.0,6.47,52,1.03,100,2
basil,26.64,57,7.3,6.0,64,1.17,100,2
basil,26.84,62,6.8,6.24,51,1.28,100,2
parsley,24.74,62,5.5,6.0,46,0.99,100,2
basil,20.95,86,4.7,6.02,105,0.87,75,2
parsley,20.2,60,5.1,5.78,25,0.54,100,2
mint,25.42,59,5.4,5.86,39,1.19,100,2
rosemary,22.88,56,6.5,6.35,54,1.45,100,2
mint,26.7,64,5.0,6.15,52,0.87,100,2
lettuce,19.77,63,5.1,6.0,23,0.87,100,2
basil,26.73,54,6.7,6.21,57,1.1,100,2
basil,24.43,68,7.0,6.32,65,1.07,100,2
basil,26.98,51,6.5,5.99,56,1.15,100,2
lettuce,17.64,62,4.9,5.86,45,0.88,100,2
rosemary,20.19,8,6.2,6.09,71,0.67,85,2
parsley,22.7,62,4.9,5.78,61,0.94,100,2
mint,26.2,66,4.6,6.11,79,1.04,100,2
parsley,24.76,65,4.8,6.12,70,1.0,100,2
lettuce,19.0,95,5.6,5.76,90,1.2,85,2
basil,26.78,70,7.6,6.28,28,0.94,100,2
basil,27.32,62,8.3,6.14,77,1.26,90,2
basil,22.72,67,7.4,6.01,58,1.23,100,2
basil,26.16,53,6.9,6.17,70,1.24,100,2
rosemary,25.04,52,6.2,6.5,43,1.79,100,2
parsley,21.85,55,5.9,5.92,34,0.97,100,2
lettuce,16.31,39,5.3,6.11,81,0.87,85,2
lettuce,17.05,91,5.8,5.61,22,0.8,85,2
basil,26.35,71,7.2,5.95,75,1.05,85,2
parsley,22.19,53,4.1,5.9,36,1.02,100,2
parsley,23.66,66,5.7,6.15,43,0.72,100,2
rosemary,26.17,50,7.3,6.37,40,1.64,100,2
rosemary,26.35,52,6.8,6.43,58,1.16,100,2
basil,26.86,58,7.7,6.08,55,1.27,100,2
basil,26.54,59,7.2,6.19,63,1.09,100,2
lettuce,17.59,63,5.3,6.11,31,1.03,100,2
basil,22.93,60,7.6,5.78,52,0.87,100,2
rosemary,29.91,71,6.5,6.1,81,1.42,85,2
basil,26.54,49,7.3,6.37,73,1.07,85,2
rosemary,25.46,56,6.5,6.38,46,1.99,100,2
parsley,23.72,54,4.9,5.73,58,0.54,100,2
rosemary,26.2,46,6.6,6.42,73,1.56,100,2
rosemary,21.09,48,7.0,6.28,47,1.82,100,2
parsley,20.08,62,4.7,5.88,42,1.0,100,2
lettuce,17.48,69,4.1,6.3,40,0.29,90,2
lettuce,16.78,56,4.6,6.11,60,0.77,100,2
lettuce,16.33,71,5.4,6.23,15,1.45,100,2
lettuce,19.93,62,4.1,6.3,65,0.94,100,2
lettuce,16.93,62,5.4,6.05,68,0.89,100,2
rosemary,26.55,59,7.3,6.6,64,1.38,100,2
lettuce,21.28,66,5.0,6.01,60,0.98,100,2
rosemary,28.49,29,6.8,6.05,91,1.21,85,2
lettuce,23.04,51,4.2,6.49,106,0.82,100,2
basil,24.4,58,6.3,6.02,80,1.36,100,2
basil,28.77,58,6.4,5.87,55,1.25,100,2
mint,21.46,71,5.1,5.75,42,1.29,100,2
basil,27.22,60,6.5,6.01,82,1.07,100,2
basil,22.68,62,7.3,6.1,51,1.52,100,2
basil,28.25,58,7.7,6.03,35,1.26,100,2
rosemary,22.18,55,6.4,6.64,25,1.79,100,2
parsley,22.29,63,4.3,5.98,41,0.81,100,2
mint,17.96,69,5.5,5.9,31,0.86,80,2
lettuce,20.63,70,5.1,6.01,80,0.7,100,2
mint,19.23,63,4.9,5.96,52,1.37,100,2
rosemary,22.14,56,6.8,6.18,26,1.54,100,2
lettuce,19.27,69,4.7,5.99,39,0.73,100,2
parsley,25.12,54,5.3,5.94,55,0.98,80,2
mint,26.59,80,5.9,6.03,47,1.08,100,2
rosemary,22.94,58,7.1,6.8,55,1.29,100,2
basil,25.59,65,7.9,5.85,72,0.91,100,2
basil,27.86,60,6.7,6.05,39,1.49,100,2
rosemary,29.75,64,7.7,6.94,71,1.18,100,2
mint,25.83,59,5.1,5.95,46,1.27,100,2
basil,25.94,64,7.8,6.21,36,1.21,100,2
mint,20.73,69,4.7,6.19,36,1.1,100,2
mint,22.11,56,5.6,5.91,52,1.26,100,2
basil,24.03,45,6.8,6.19,48,1.06,85,2
mint,24.37,62,4.2,6.19,44,1.25,100,2
rosemary,28.75,30,6.5,6.77,90,2.05,85,2
parsley,24.91,79,5.1,6.2,20,1.02,85,2
parsley,24.95,64,4.7,6.03,56,0.96,100,2
basil,19.81,58,7.6,5.91,46,1.15,80,2
mint,30.92,74,4.9,6.05,85,0.44,80,2
lettuce,19.73,60,5.4,5.9,70,1.05,100,2
lettuce,22.88,66,5.3,6.24,80,0.86,100,2
parsley,20.23,60,5.3,6.03,56,0.66,100,2
rosemary,26.36,58,7.2,6.52,15,1.96,100,2
basil,23.43,63,7.9,5.99,38,1.07,100,2
lettuce,20.76,64,4.6,6.05,61,0.9,100,2
basil,23.31,54,6.6,5.98,45,1.07,100,2
mint,24.61,74,4.4,6.02,49,1.27,100,2
lettuce,18.28,36,3.8,6.06,70,0.69,75,2
lettuce,18.51,67,5.8,6.15,58,0.85,100,2
basil,21.85,70,7.5,6.1,62,0.54,100,2
mint,23.04,67,5.2,6.14,39,1.37,100,2
basil,24.99,56,6.6,6.22,54,1.09,100,2
mint,20.9,67,5.1,6.12,63,1.31,100,2
lettuce,17.53,71,4.9,6.25,54,1.12,100,2
lettuce,19.97,62,4.8,6.02,48,0.71,100,2
lettuce,16.12,62,5.6,5.78,39,1.02,100,2
mint,26.65,66,4.8,5.9,49,1.0,100,2
lettuce,22.06,64,4.6,5.97,34,1.24,100,2
mint,22.9,68,5.6,6.15,55,1.04,100,2
rosemary,28.36,54,6.7,6.48,44,1.75,100,2
mint,24.68,74,4.8,5.74,74,1.41,100,2
rosemary,23.24,61,6.4,6.42,10,1.63,100,2
parsley,21.47,67,4.2,6.1,62,0.56,100,2
parsley,21.49,67,4.5,6.48,68,0.96,100,2
mint,20.8,63,5.0,5.85,32,1.74,100,2
mint,21.93,62,5.5,6.0,42,1.18,100,2
parsley,20.58,62,5.5,6.3,41,0.97,100,2
lettuce,20.52,71,4.8,5.92,56,1.01,100,2
basil,20.92,58,7.9,6.21,63,1.55,100,2
lettuce,20.03,70,4.3,6.27,68,1.3,100,2
basil,23.87,66,6.2,6.05,31,1.16,100,2
rosemary,27.08,58,6.7,6.66,43,1.61,100,2
basil,28.41,53,7.1,6.2,38,1.26,100,2
basil,25.13,69,6.8,6.38,67,0.98,100,2
rosemary,16.47,40,7.7,6.36,105,1.35,80,2
mint,21.78,73,4.6,5.91,31,1.27,100,2
rosemary,23.37,21,5.9,6.4,88,1.44,75,2
basil,25.87,58,6.7,6.36,60,1.21,100,2
mint,24.68,66,5.5,5.92,51,1.36,100,2
mint,22.88,56,4.0,5.97,59,1.38,100,2
mint,22.7,70,4.7,5.69,24,1.06,100,2
mint,18.32,90,3.8,6.12,74,1.34,75,2
basil,25.69,66,7.0,5.87,43,1.04,100,2
rosemary,27.87,56,6.9,6.24,57,1.36,100,2
mint,22.57,64,4.9,6.08,46,1.22,100,2
parsley,25.53,70,4.9,6.05,55,0.58,80,2
rosemary,25.03,41,6.4,6.51,41,1.56,100,2
mint,22.4,64,5.3,6.11,68,0.92,100,2
basil,25.77,49,7.5,5.89,58,1.26,85,2
basil,24.25,61,8.0,6.09,50,1.38,100,2
mint,24.12,59,6.0,6.03,58,1.06,100,2
parsley,20.56,53,5.3,6.0,68,0.9,100,2
basil,28.52,65,6.9,6.26,68,1.59,100,2
mint,22.59,71,4.9,6.13,45,1.12,100,2
parsley,19.95,56,4.7,6.16,63,0.84,100,2
mint,23.69,68,5.5,6.22,50,1.29,100,2
lettuce,21.13,64,5.4,6.16,43,0.89,100,2
mint,22.94,67,4.6,5.93,55,1.04,100,2
mint,23.73,66,5.5,5.98,47,0.87,100,2
basil,24.28,57,7.1,6.18,70,0.99,100,2
rosemary,29.41,53,6.7,6.58,51,1.55,100,2
lettuce,18.73,59,5.7,5.98,39,0.81,100,2
mint,23.71,66,4.5,5.85,63,1.15,100,2
rosemary,26.4,47,6.4,6.64,61,1.51,100,2
rosemary,24.76,51,7.0,6.27,51,1.64,100,2
rosemary,25.6,42,7.5,6.3,51,1.73,100,2
mint,23.0,67,4.9,5.81,18,0.9,100,2
mint,27.35,44,6.1,6.09,115,1.2,75,2
lettuce,20.79,58,4.2,6.03,47,0.89,100,2
mint,20.78,74,4.6,5.95,57,1.27,100,2
mint,23.63,70,5.0,5.8,50,1.05,100,2
basil,24.38,71,7.4,5.89,25,0.84,85,2
lettuce,17.37,45,2.3,5.57,84,1.28,75,2
mint,20.01,73,5.1,5.9,30,1.0,100,2
basil,26.79,58,6.2,6.19,39,1.09,100,2
parsley,22.86,66,4.6,6.19,43,0.54,100,2
parsley,21.62,61,4.5,6.37,39,1.21,100,2
mint,25.09,70,4.8,6.06,19,1.14,100,2
basil,20.19,29,7.3,5.93,99,0.87,85,2
rosemary,25.43,57,6.9,6.61,52,1.59,100,2
basil,25.19,64,7.6,6.26,50,1.24,100,2
parsley,21.07,65,5.2,6.17,57,0.62,100,2
rosemary,25.36,56,6.6,6.26,63,1.57,100,2
rosemary,29.2,58,6.6,6.63,57,1.64,100,2
rosemary,26.99,55,6.9,6.49,40,1.59,100,2
mint,25.12,60,5.6,6.21,54,1.47,100,2
lettuce,20.56,59,5.3,5.95,38,0.92,100,2
basil,27.69,61,7.1,6.23,38,1.08,100,2
mint,19.78,65,5.3,5.89,31,1.32,100,2
rosemary,26.64,51,7.3,6.69,30,1.17,100,2
mint,23.45,76,4.6,6.03,41,1.16,100,2
rosemary,28.34,65,7.2,6.68,121,1.25,100,2
rosemary,23.87,53,7.2,6.37,70,1.62,100,2
lettuce,20.49,64,4.5,6.08,53,0.68,100,2
parsley,22.15,56,5.3,5.99,24,0.93,100,2
rosemary,21.61,50,6.7,6.65,41,1.31,100,2
lettuce,20.21,62,5.6,5.94,49,0.95,100,2
mint,20.86,57,4.1,5.99,19,1.19,100,2
basil,28.4,35,6.2,6.35,93,1.92,85,2
rosemary,22.74,50,6.5,6.93,46,1.85,100,2
lettuce,20.57,65,4.5,5.84,67,0.76,100,2
rosemary,21.36,54,6.2,6.72,55,1.66,100,2
mint,23.83,73,4.8,6.12,58,1.21,100,2
rosemary,23.69,56,7.3,6.61,50,1.22,100,2
parsley,25.33,65,5.1,6.18,64,1.02,80,2
basil,27.25,60,7.7,6.0,63,1.12,100,2
lettuce,21.0,61,5.7,5.8,40,0.38,100,2
rosemary,26.71,53,6.6,6.46,90,1.54,100,2
mint,20.41,67,4.7,5.94,66,1.35,100,2
rosemary,23.57,49,7.0,6.44,50,1.44,100,2
basil,24.44,62,6.2,5.87,70,1.2,100,2
rosemary,24.66,54,6.8,6.56,32,1.86,100,2
parsley,24.55,34,4.6,6.07,81,0.42,85,2
parsley,20.3,65,4.2,5.9,46,0.56,100,2
mint,28.38,70,4.8,5.97,66,1.15,80,2
lettuce,17.88,66,5.4,5.88,47,1.07,100,2
parsley,19.2,59,4.7,5.98,47,0.89,100,2
mint,22.43,66,5.3,6.09,27,1.48,100,2
parsley,20.38,67,4.9,5.68,31,0.91,100,2
rosemary,27.71,46,6.7,6.51,49,1.87,100,2
mint,27.83,30,7.4,6.33,89,0.95,75,2
basil,30.42,66,7.0,6.3,52,0.83,80,2
rosemary,28.92,22,6.2,6.96,97,2.7,75,2
parsley,22.28,63,4.1,6.12,69,0.77,100,2
basil,25.78,57,7.9,6.22,76,0.99,100,2
rosemary,25.33,56,7.4,6.63,65,1.52,100,2
mint,22.6,69,5.0,5.91,25,0.96,100,2
rosemary,26.57,48,7.0,6.71,66,1.55,100,2
mint,21.29,65,5.1,5.9,53,0.92,100,2
basil,24.06,61,7.4,6.31,49,0.91,100,2
rosemary,22.15,59,6.9,6.61,56,1.29,100,2
basil,27.72,53,7.2,6.34,89,0.94,100,2
parsley,24.37,40,4.8,6.04,110,0.88,85,2
parsley,19.39,61,4.8,6.15,74,0.78,100,2
rosemary,28.04,53,6.2,6.68,52,1.58,100,2
parsley,22.05,54,5.1,5.91,45,1.0,100,2
parsley,22.1,56,5.2,5.91,60,1.0,100,2
mint,24.06,70,4.6,6.07,17,1.31,100,2
lettuce,17.56,58,5.0,6.26,37,0.96,100,2
lettuce,21.57,57,5.0,5.97,36,0.93,100,2
parsley,20.16,68,4.7,6.05,60,0.8,100,2
lettuce,19.91,56,5.4,5.99,53,0.86,100,2
mint,21.96,71,4.9,5.91,53,0.86,100,2
parsley,25.95,56,5.0,6.17,48,0.67,80,2
basil,24.37,59,6.3,5.8,41,1.34,100,2
parsley,22.76,78,5.0,5.65,64,0.67,85,2
parsley,24.14,65,5.4,6.07,57,0.92,100,2
basil,23.8,59,6.7,6.22,23,1.27,100,2
lettuce,21.15,65,3.9,5.96,40,0.78,90,2
basil,25.63,59,6.7,6.35,58,1.48,100,2
parsley,23.28,68,5.2,6.06,44,0.65,100,2
lettuce,17.46,59,5.7,6.13,59,0.84,100,2
mint,24.52,52,4.0,6.03,34,1.03,85,2
rosemary,25.77,53,6.5,6.61,56,1.45,100,2
basil,23.13,52,6.9,6.15,48,1.1,100,2
rosemary,28.25,81,6.8,6.74,135,1.35,85,2
parsley,23.58,61,5.0,6.05,17,0.89,100,2
lettuce,20.77,66,4.7,5.72,36,0.75,100,2
lettuce,21.39,65,5.1,5.95,59,0.65,100,2
rosemary,26.08,47,6.3,6.68,69,1.16,100,2
basil,24.99,52,7.4,6.0,63,1.4,100,2
lettuce,19.13,63,4.2,5.94,60,0.8,100,2
mint,23.19,65,4.7,5.94,22,1.16,100,2
rosemary,23.74,30,7.6,6.08,97,2.24,85,2
parsley,20.96,55,5.0,6.04,52,0.86,100,2
rosemary,21.06,49,6.5,6.4,70,1.24,100,2
basil,23.04,61,7.4,5.93,67,1.1,100,2
mint,21.22,68,4.7,5.9,38,1.29,100,2
parsley,21.55,68,5.3,5.8,70,0.95,100,2
lettuce,15.27,68,4.6,6.17,55,0.75,100,2
lettuce,18.94,58,4.9,6.08,37,0.72,100,2
mint,24.49,70,5.7,6.06,45,1.38,100,2
basil,28.44,58,6.8,6.11,44,1.26,100,2
rosemary,27.03,51,6.4,6.58,70,1.96,100,2
lettuce,21.25,65,5.3,5.93,24,0.44,100,2
basil,28.81,29,5.4,6.37,110,1.41,75,2
rosemary,26.14,53,6.7,6.55,41,1.76,100,2
parsley,18.12,78,5.1,5.85,60,0.97,85,2
mint,24.93,71,4.1,5.97,43,1.28,100,2
lettuce,24.49,58,5.3,5.92,46,1.07,100,2
basil,26.04,56,6.2,6.24,49,1.12,100,2
mint,21.34,63,5.7,6.01,69,1.16,100,2
lettuce,22.37,69,4.8,6.0,59,0.94,100,2
mint,23.31,61,4.7,5.91,36,1.38,100,2
basil,26.08,65,6.4,6.03,53,1.32,100,2
mint,22.83,65,5.6,6.24,45,0.67,100,2
basil,20.4,34,7.9,6.42,77,1.28,85,2
mint,21.08,69,6.0,6.12,70,1.31,100,2
lettuce,19.29,60,6.4,6.14,29,0.77,90,2
mint,23.7,66,5.7,6.25,52,1.2,100,2
lettuce,15.94,77,5.9,5.9,50,0.12,90,2
basil,25.99,64,7.1,6.18,54,1.23,100,2
basil,24.26,63,6.8,6.38,42,1.53,100,2
mint,18.72,67,5.1,6.04,50,1.18,100,2
lettuce,24.31,67,4.8,5.96,36,1.02,100,2
basil,21.02,59,6.5,6.25,75,1.21,100,2
lettuce,27.84,73,4.1,5.83,51,0.92,80,2
parsley,20.82,56,4.4,5.83,73,0.86,100,2
basil,21.03,31,7.5,5.84,73,0.45,85,2
rosemary,28.55,52,7.4,6.44,35,1.38,100,2
basil,25.61,62,7.5,6.13,38,1.25,100,2
lettuce,18.71,58,4.1,6.22,51,0.79,100,2
basil,24.55,65,6.8,6.22,67,0.94,100,2
lettuce,19.72,65,4.2,5.95,58,1.11,100,2
lettuce,23.87,63,5.3,6.04,51,1.22,100,2
basil,22.97,48,7.2,6.43,25,1.45,85,2
lettuce,20.98,98,4.2,6.43,75,1.38,85,2
mint,24.23,58,4.8,5.91,62,1.33,100,2
mint,21.69,69,4.5,6.02,20,1.17,100,2
rosemary,26.87,49,6.8,6.41,65,1.81,100,2
rosemary,24.87,58,6.7,6.5,58,1.35,100,2
basil,25.4,53,7.5,6.04,49,1.37,100,2
lettuce,19.79,65,4.8,6.07,48,0.72,100,2
parsley,22.22,67,4.6,5.8,57,0.95,100,2
mint,24.86,65,4.8,5.97,58,1.03,100,2
basil,25.66,80,5.0,6.09,105,0.88,75,2
basil,14.95,57,6.2,6.18,55,1.12,80,2
basil,23.93,69,7.0,5.76,67,1.32,100,2
mint,21.79,66,5.4,6.03,40,1.01,100,2
rosemary,20.69,22,10.1,6.29,80,1.94,75,2
basil,24.07,63,7.5,6.02,35,1.31,100,2
parsley,22.5,57,5.6,6.09,36,0.71,100,2
parsley,18.73,95,5.5,6.07,59,1.02,85,2
parsley,24.88,61,5.2,6.18,46,1.0,100,2
lettuce,17.08,61,5.5,5.98,39,0.82,100,2
mint,27.27,72,3.5,5.96,99,2.0,90,2
lettuce,20.07,67,4.9,6.0,83,0.85,100,2
basil,24.92,68,6.7,6.23,38,1.37,100,2
rosemary,19.72,54,6.4,6.43,41,1.26,80,2
mint,26.03,64,4.7,6.25,44,1.13,100,2
lettuce,19.23,66,4.6,6.11,35,0.77,100,2
basil,23.78,64,7.4,5.68,50,1.53,100,2
basil,21.26,56,6.2,6.16,10,1.21,100,2
rosemary,24.88,65,7.0,6.61,36,1.44,100,2
lettuce,17.89,75,4.9,5.95,54,0.66,100,2
mint,20.65,72,4.9,5.84,65,1.04,100,2
basil,24.48,48,6.4,6.09,59,1.14,85,2
rosemary,24.7,57,6.4,6.59,36,1.75,100,2
rosemary,28.73,61,6.9,6.6,53,1.47,100,2
lettuce,18.34,63,4.4,6.2,44,0.65,100,2
basil,24.41,62,7.4,6.39,40,1.03,100,2
basil,26.23,59,6.2,6.13,46,1.28,100,2
mint,23.75,64,5.5,6.2,44,1.4,100,2
parsley,23.87,63,5.3,6.06,42,0.51,100,2
basil,23.71,57,6.9,6.22,17,1.24,100,2
mint,27.42,83,4.9,6.32,95,0.78,85,2
lettuce,16.55,64,4.3,6.07,38,0.85,100,2
parsley,22.24,53,5.4,6.1,54,0.83,100,2
basil,24.26,64,7.7,6.07,27,1.43,100,2
basil,23.61,65,6.7,6.22,56,1.3,100,2
rosemary,23.09,57,8.1,6.63,57,1.28,90,2
lettuce,18.84,66,5.1,6.18,56,0.9,100,2
lettuce,18.04,66,5.7,6.03,57,0.8,100,2
rosemary,25.95,53,6.4,6.48,35,1.17,100,2
mint,22.14,65,4.5,6.06,63,1.37,100,2
parsley,23.19,61,5.3,5.88,57,0.89,100,2
mint,20.9,63,5.2,5.97,68,1.36,100,2
rosemary,24.4,61,7.7,6.61,34,1.3,100,2
basil,25.7,54,7.1,6.01,68,1.51,100,2
mint,22.43,73,4.7,5.86,35,1.61,100,2
basil,24.61,48,6.3,6.21,28,0.86,85,2
basil,23.01,57,6.7,6.12,39,0.94,100,2
lettuce,20.77,66,4.8,5.9,46,1.09,100,2
rosemary,23.18,58,7.2,6.45,39,1.77,100,2
lettuce,21.38,68,4.6,5.89,55,1.06,100,2
lettuce,15.85,87,5.0,6.13,74,0.67,85,2
parsley,20.95,61,5.0,5.84,72,1.14,100,2
mint,27.39,67,5.9,6.0,50,1.02,100,2
lettuce,19.19,76,6.2,5.83,73,0.73,90,2
lettuce,19.21,63,4.9,5.91,40,0.87,100,2
parsley,21.87,59,5.2,5.99,62,0.75,100,2
rosemary,21.42,48,8.1,6.37,42,1.26,90,2
parsley,21.58,64,5.5,5.81,51,0.98,100,2
rosemary,25.71,44,6.6,6.44,35,1.51,100,2
basil,28.56,65,7.4,6.13,69,1.08,100,2
rosemary,26.9,47,7.4,6.66,50,1.58,100,2
parsley,21.04,64,5.0,5.72,30,0.96,100,2
lettuce,24.19,81,4.6,6.19,77,1.07,85,2
parsley,24.2,55,6.3,5.92,14,0.99,90,2
basil,24.73,47,7.1,6.01,41,1.24,85,2
mint,22.29,69,5.2,5.96,69,1.1,100,2
basil,29.86,58,6.6,6.17,39,1.04,100,2
lettuce,19.82,70,5.5,6.07,54,0.65,100,2
rosemary,25.13,46,7.9,6.41,44,1.34,100,2
basil,33.76,55,7.1,6.0,116,1.3,80,2
basil,25.07,57,7.2,5.95,47,1.11,100,2
lettuce,19.85,67,5.2,6.14,71,0.82,100,2
parsley,15.63,64,4.7,6.29,52,0.81,80,2
rosemary,23.55,58,6.5,6.24,61,1.58,100,2
lettuce,24.42,62,6.1,6.05,52,0.68,90,2
basil,25.43,63,6.9,6.11,65,1.19,100,2
rosemary,26.7,57,6.4,6.49,58,1.36,100,2
basil,22.12,45,7.4,6.26,111,1.52,85,2
mint,27.92,67,4.7,5.88,48,1.23,100,2
rosemary,23.18,57,6.9,6.41,57,1.62,100,2
mint,23.88,65,4.5,6.09,30,0.77,100,2
basil,26.53,56,6.8,6.27,48,1.16,100,2
parsley,23.08,68,4.8,6.04,42,0.91,100,2
lettuce,20.32,78,5.5,5.94,40,0.68,100,2
basil,21.72,36,4.7,5.88,84,0.75,75,2
basil,25.35,60,7.5,6.1,47,0.89,100,2
rosemary,23.5,54,6.6,6.36,43,1.36,100,2
parsley,24.32,62,5.1,5.97,49,0.91,100,2
rosemary,24.48,55,6.5,6.66,48,1.82,100,2
rosemary,20.43,50,6.5,6.43,87,1.42,100,2
mint,24.4,70,4.1,6.11,52,1.3,100,2
parsley,24.57,28,4.9,6.07,76,0.5,85,2
parsley,19.36,50,5.2,6.05,42,0.93,100,2
lettuce,20.36,57,6.0,6.24,35,1.16,100,2
mint,20.38,64,6.0,5.88,48,1.34,100,2
rosemary,29.49,47,7.9,6.28,44,1.58,100,2
mint,27.36,90,6.6,5.63,87,1.7,75,2
mint,24.0,64,4.6,6.33,46,1.41,100,2
basil,25.09,61,6.1,6.13,41,1.15,100,2
lettuce,17.98,76,5.1,6.17,47,0.81,100,2
rosemary,24.04,50,6.7,6.59,53,1.35,100,2
rosemary,26.89,49,7.0,6.45,56,1.25,100,2
lettuce,20.82,64,3.8,5.91,45,0.91,90,2
lettuce,21.65,62,5.0,5.83,72,1.16,100,2
rosemary,28.21,68,6.9,6.49,89,1.77,85,2
lettuce,15.28,42,6.8,5.92,85,0.8,75,2
parsley,21.63,64,4.8,6.13,46,0.91,100,2
parsley,20.58,67,4.8,5.92,51,0.89,100,2
parsley,13.04,75,5.2,5.67,98,0.66,80,2
rosemary,22.6,55,7.0,6.48,47,1.95,100,2
parsley,20.12,64,4.9,5.96,59,1.11,100,2
lettuce,17.24,53,5.5,6.13,45,1.04,100,2
lettuce,18.61,63,4.2,5.81,44,0.99,100,2
rosemary,27.3,49,7.3,6.41,44,1.7,100,2
parsley,22.44,62,5.1,5.87,78,1.21,100,2
basil,27.82,59,6.2,6.2,35,1.1,100,2
basil,24.94,63,7.6,6.12,35,1.19,100,2
parsley,24.93,51,6.1,5.82,73,0.47,90,2
rosemary,27.51,53,6.8,6.37,44,1.26,100,2
parsley,24.76,84,7.0,5.95,93,0.81,75,2
mint,24.4,64,4.6,6.25,51,1.45,100,2
mint,19.15,70,6.4,6.07,56,0.83,90,2
parsley,20.92,58,3.7,6.24,56,0.74,90,2
basil,23.11,55,7.6,6.05,39,0.82,100,2
basil,23.08,40,6.9,6.05,29,1.13,85,2
lettuce,22.97,46,4.9,5.56,95,0.72,85,2
parsley,19.12,72,4.0,5.98,33,0.77,100,2
rosemary,24.99,51,7.1,6.77,47,1.28,100,2
mint,23.18,75,5.7,6.01,36,1.16,100,2
parsley,23.0,62,5.0,5.72,62,0.75,100,2
parsley,21.17,66,4.5,6.13,39,0.87,100,2
rosemary,19.67,56,7.2,6.17,53,1.48,80,2
rosemary,24.02,47,6.7,6.59,89,1.6,100,2
lettuce,22.15,63,4.8,6.17,33,1.02,100,2
parsley,20.56,62,4.9,5.89,64,0.88,100,2
lettuce,19.52,69,5.3,5.9,27,0.69,100,2
rosemary,25.89,38,6.2,6.76,43,0.87,85,2
mint,25.94,64,4.6,6.0,60,1.14,100,2
rosemary,22.97,55,6.8,6.43,73,1.97,100,2
lettuce,22.8,58,5.3,6.11,43,1.02,100,2
lettuce,18.88,52,5.8,5.82,19,0.63,100,2
lettuce,15.72,92,4.2,6.13,72,1.3,85,2
basil,26.39,55,7.2,6.1,46,1.28,100,2
lettuce,20.23,61,4.9,5.81,65,0.95,100,2
rosemary,22.58,57,7.1,6.41,24,1.7,100,2
parsley,25.44,61,5.2,5.8,84,1.05,80,2
lettuce,23.72,45,6.3,6.38,99,0.79,75,2
parsley,24.82,81,4.2,6.1,80,0.61,85,2
lettuce,20.24,63,4.8,5.84,45,0.92,100,2
basil,25.01,57,6.7,6.3,50,0.79,100,2
rosemary,21.59,31,6.7,6.29,103,1.82,85,2
mint,19.92,57,5.5,6.09,54,1.18,100,2
mint,23.73,66,4.1,6.08,49,1.77,100,2
parsley,24.57,52,4.4,6.09,26,0.59,100,2
basil,24.37,55,6.5,6.04,60,1.15,100,2
lettuce,20.85,68,4.9,6.02,48,0.86,100,2
rosemary,23.36,51,7.3,6.4,52,1.36,100,2
basil,19.92,64,6.9,5.87,81,1.56,80,2
lettuce,23.2,42,3.1,5.76,50,1.14,75,2
parsley,19.88,63,5.4,6.11,44,0.82,100,2
basil,20.13,61,8.1,5.99,56,1.24,90,2
lettuce,21.57,65,4.9,6.04,57,0.62,100,2
rosemary,23.76,52,6.7,6.6,45,1.61,100,2
lettuce,17.61,68,5.4,5.85,73,0.83,100,2
mint,23.71,63,5.0,5.99,59,1.39,100,2
rosemary,22.56,48,6.9,6.63,48,1.53,100,2
parsley,24.94,56,5.4,6.09,46,0.34,100,2
rosemary,21.47,50,6.6,6.57,44,0.92,100,2
lettuce,18.62,66,4.4,6.09,78,0.87,100,2
basil,26.48,55,7.7,6.08,25,1.42,100,2
basil,27.02,57,6.6,6.15,52,1.11,100,2
basil,25.64,62,6.6,6.06,42,1.34,100,2
basil,20.38,86,7.4,6.33,86,0.86,85,2
mint,23.21,60,3.8,6.05,58,1.5,90,2
rosemary,21.73,55,7.4,6.42,71,1.7,100,2
lettuce,19.12,69,4.8,6.28,37,0.87,100,2
parsley,23.59,56,4.7,5.7,51,0.99,100,2
basil,23.94,56,7.3,6.46,35,1.02,100,2
lettuce,16.62,63,5.2,6.17,31,0.8,100,2
lettuce,19.36,63,5.3,5.84,47,1.22,100,2
lettuce,22.94,74,5.6,5.99,74,0.86,100,2
